synthetic_student_code,subject,observed_held,observed_attended,future_held,future_attended,target_shortfall,provenance,generator_version,random_seed,synthetic_cohort_id,observed_rate,observed_absent,student_mean_observed_rate,student_subjects_below_75
SIM-stable-00000,COURSE_A,20,13,40,30,1,independently_synthetic,independent-synthetic-v1,42,stable,0.65,7,0.6579861111111112,3
SIM-stable-00000,COURSE_B,18,8,36,21,1,independently_synthetic,independent-synthetic-v1,42,stable,0.4444444444444444,10,0.6579861111111112,3
SIM-stable-00000,COURSE_C,16,15,32,28,0,independently_synthetic,independent-synthetic-v1,42,stable,0.9375,1,0.6579861111111112,3
SIM-stable-00000,COURSE_D,20,12,40,29,1,independently_synthetic,independent-synthetic-v1,42,stable,0.6,8,0.6579861111111112,3
SIM-stable-00001,COURSE_A,20,19,40,36,0,independently_synthetic,independent-synthetic-v1,42,stable,0.95,1,0.8135416666666666,2
SIM-stable-00001,COURSE_B,18,12,36,27,1,independently_synthetic,independent-synthetic-v1,42,stable,0.6666666666666666,6,0.8135416666666666,2
SIM-stable-00001,COURSE_C,16,15,32,27,0,independently_synthetic,independent-synthetic-v1,42,stable,0.9375,1,0.8135416666666666,2
SIM-stable-00001,COURSE_D,20,14,40,33,0,independently_synthetic,independent-synthetic-v1,42,stable,0.7,6,0.8135416666666666,2
SIM-stable-00002,COURSE_A,20,19,40,33,0,independently_synthetic,independent-synthetic-v1,42,stable,0.95,1,0.8243055555555555,1
SIM-stable-00002,COURSE_B,18,13,36,32,0,independently_synthetic,independent-synthetic-v1,42,stable,0.7222222222222222,5,0.8243055555555555,1
SIM-stable-00002,COURSE_C,16,14,32,29,0,independently_synthetic,independent-synthetic-v1,42,stable,0.875,2,0.8243055555555555,1
SIM-stable-00002,COURSE_D,20,15,40,31,0,independently_synthetic,independent-synthetic-v1,42,stable,0.75,5,0.8243055555555555,1
SIM-stable-00003,COURSE_A,20,16,40,35,0,independently_synthetic,independent-synthetic-v1,42,stable,0.8,4,0.8274305555555556,1
SIM-stable-00003,COURSE_B,18,13,36,27,1,independently_synthetic,independent-synthetic-v1,42,stable,0.7222222222222222,5,0.8274305555555556,1
SIM-stable-00003,COURSE_C,16,15,32,28,0,independently_synthetic,independent-synthetic-v1,42,stable,0.9375,1,0.8274305555555556,1
SIM-stable-00003,COURSE_D,20,17,40,36,0,independently_synthetic,independent-synthetic-v1,42,stable,0.85,3,0.8274305555555556,1
SIM-stable-00004,COURSE_A,20,16,40,33,0,independently_synthetic,independent-synthetic-v1,42,stable,0.8,4,0.7524305555555556,2
SIM-stable-00004,COURSE_B,18,13,36,29,0,independently_synthetic,independent-synthetic-v1,42,stable,0.7222222222222222,5,0.7524305555555556,2
SIM-stable-00004,COURSE_C,16,15,32,31,0,independently_synthetic,independent-synthetic-v1,42,stable,0.9375,1,0.7524305555555556,2
SIM-stable-00004,COURSE_D,20,11,40,24,1,independently_synthetic,independent-synthetic-v1,42,stable,0.55,9,0.7524305555555556,2
SIM-stable-00005,COURSE_A,20,18,40,39,0,independently_synthetic,independent-synthetic-v1,42,stable,0.9,2,0.8520833333333333,0
SIM-stable-00005,COURSE_B,18,15,36,27,0,independently_synthetic,independent-synthetic-v1,42,stable,0.8333333333333334,3,0.8520833333333333,0
SIM-stable-00005,COURSE_C,16,14,32,30,0,independently_synthetic,independent-synthetic-v1,42,stable,0.875,2,0.8520833333333333,0
SIM-stable-00005,COURSE_D,20,16,40,29,0,independently_synthetic,independent-synthetic-v1,42,stable,0.8,4,0.8520833333333333,0
SIM-stable-00006,COURSE_A,20,15,40,32,0,independently_synthetic,independent-synthetic-v1,42,stable,0.75,5,0.7333333333333334,1
SIM-stable-00006,COURSE_B,18,15,36,31,0,independently_synthetic,independent-synthetic-v1,42,stable,0.8333333333333334,3,0.7333333333333334,1
SIM-stable-00006,COURSE_C,16,12,32,26,0,independently_synthetic,independent-synthetic-v1,42,stable,0.75,4,0.7333333333333334,1
SIM-stable-00006,COURSE_D,20,12,40,28,1,independently_synthetic,independent-synthetic-v1,42,stable,0.6,8,0.7333333333333334,1
SIM-stable-00007,COURSE_A,20,18,40,36,0,independently_synthetic,independent-synthetic-v1,42,stable,0.9,2,0.7631944444444445,1
SIM-stable-00007,COURSE_B,18,14,36,30,0,independently_synthetic,independent-synthetic-v1,42,stable,0.7777777777777778,4,0.7631944444444445,1
SIM-stable-00007,COURSE_C,16,10,32,23,1,independently_synthetic,independent-synthetic-v1,42,stable,0.625,6,0.7631944444444445,1
SIM-stable-00007,COURSE_D,20,15,40,21,1,independently_synthetic,independent-synthetic-v1,42,stable,0.75,5,0.7631944444444445,1
SIM-stable-00008,COURSE_A,20,16,40,34,0,independently_synthetic,independent-synthetic-v1,42,stable,0.8,4,0.653125,2
SIM-stable-00008,COURSE_B,18,9,36,24,1,independently_synthetic,independent-synthetic-v1,42,stable,0.5,9,0.653125,2
SIM-stable-00008,COURSE_C,16,13,32,23,0,independently_synthetic,independent-synthetic-v1,42,stable,0.8125,3,0.653125,2
SIM-stable-00008,COURSE_D,20,10,40,23,1,independently_synthetic,independent-synthetic-v1,42,stable,0.5,10,0.653125,2
SIM-stable-00009,COURSE_A,20,15,40,30,0,independently_synthetic,independent-synthetic-v1,42,stable,0.75,5,0.7989583333333333,0
SIM-stable-00009,COURSE_B,18,15,36,25,1,independently_synthetic,independent-synthetic-v1,42,stable,0.8333333333333334,3,0.7989583333333333,0
SIM-stable-00009,COURSE_C,16,13,32,27,0,independently_synthetic,independent-synthetic-v1,42,stable,0.8125,3,0.7989583333333333,0
SIM-stable-00009,COURSE_D,20,16,40,26,1,independently_synthetic,independent-synthetic-v1,42,stable,0.8,4,0.7989583333333333,0
SIM-stable-00010,COURSE_A,20,14,40,29,1,independently_synthetic,independent-synthetic-v1,42,stable,0.7,6,0.7565972222222221,2
SIM-stable-00010,COURSE_B,18,16,36,20,1,independently_synthetic,independent-synthetic-v1,42,stable,0.8888888888888888,2,0.7565972222222221,2
SIM-stable-00010,COURSE_C,16,11,32,27,0,independently_synthetic,independent-synthetic-v1,42,stable,0.6875,5,0.7565972222222221,2
SIM-stable-00010,COURSE_D,20,15,40,25,1,independently_synthetic,independent-synthetic-v1,42,stable,0.75,5,0.7565972222222221,2
SIM-stable-00011,COURSE_A,20,14,40,26,1,independently_synthetic,independent-synthetic-v1,42,stable,0.7,6,0.6885416666666666,4
SIM-stable-00011,COURSE_B,18,12,36,28,1,independently_synthetic,independent-synthetic-v1,42,stable,0.6666666666666666,6,0.6885416666666666,4
SIM-stable-00011,COURSE_C,16,11,32,29,0,independently_synthetic,independent-synthetic-v1,42,stable,0.6875,5,0.6885416666666666,4
SIM-stable-00011,COURSE_D,20,14,40,21,1,independently_synthetic,independent-synthetic-v1,42,stable,0.7,6,0.6885416666666666,4
SIM-stable-00012,COURSE_A,20,17,40,38,0,independently_synthetic,independent-synthetic-v1,42,stable,0.85,3,0.8131944444444444,0
SIM-stable-00012,COURSE_B,18,14,36,30,0,independently_synthetic,independent-synthetic-v1,42,stable,0.7777777777777778,4,0.8131944444444444,0
SIM-stable-00012,COURSE_C,16,14,32,24,0,independently_synthetic,independent-synthetic-v1,42,stable,0.875,2,0.8131944444444444,0
SIM-stable-00012,COURSE_D,20,15,40,24,1,independently_synthetic,independent-synthetic-v1,42,stable,0.75,5,0.8131944444444444,0
SIM-stable-00013,COURSE_A,20,18,40,29,0,independently_synthetic,independent-synthetic-v1,42,stable,0.9,2,0.7829861111111112,2
SIM-stable-00013,COURSE_B,18,17,36,28,0,independently_synthetic,independent-synthetic-v1,42,stable,0.9444444444444444,1,0.7829861111111112,2
SIM-stable-00013,COURSE_C,16,11,32,25,0,independently_synthetic,independent-synthetic-v1,42,stable,0.6875,5,0.7829861111111112,2
SIM-stable-00013,COURSE_D,20,12,40,29,1,independently_synthetic,independent-synthetic-v1,42,stable,0.6,8,0.7829861111111112,2
SIM-stable-00014,COURSE_A,20,18,40,37,0,independently_synthetic,independent-synthetic-v1,42,stable,0.9,2,0.8913194444444444,0
SIM-stable-00014,COURSE_B,18,14,36,32,0,independently_synthetic,independent-synthetic-v1,42,stable,0.7777777777777778,4,0.8913194444444444,0
SIM-stable-00014,COURSE_C,16,15,32,31,0,independently_synthetic,independent-synthetic-v1,42,stable,0.9375,1,0.8913194444444444,0
SIM-stable-00014,COURSE_D,20,19,40,37,0,independently_synthetic,independent-synthetic-v1,42,stable,0.95,1,0.8913194444444444,0
SIM-stable-00015,COURSE_A,20,18,40,33,0,independently_synthetic,independent-synthetic-v1,42,stable,0.9,2,0.9083333333333333,0
SIM-stable-00015,COURSE_B,18,15,36,32,0,independently_synthetic,independent-synthetic-v1,42,stable,0.8333333333333334,3,0.9083333333333333,0
SIM-stable-00015,COURSE_C,16,16,32,32,0,independently_synthetic,independent-synthetic-v1,42,stable,1.0,0,0.9083333333333333,0
SIM-stable-00015,COURSE_D,20,18,40,33,0,independently_synthetic,independent-synthetic-v1,42,stable,0.9,2,0.9083333333333333,0
SIM-stable-00016,COURSE_A,20,15,40,24,1,independently_synthetic,independent-synthetic-v1,42,stable,0.75,5,0.6559027777777778,2
SIM-stable-00016,COURSE_B,18,11,36,28,1,independently_synthetic,independent-synthetic-v1,42,stable,0.6111111111111112,7,0.6559027777777778,2
SIM-stable-00016,COURSE_C,16,13,32,24,0,independently_synthetic,independent-synthetic-v1,42,stable,0.8125,3,0.6559027777777778,2
SIM-stable-00016,COURSE_D,20,9,40,27,1,independently_synthetic,independent-synthetic-v1,42,stable,0.45,11,0.6559027777777778,2
SIM-stable-00017,COURSE_A,20,14,40,28,1,independently_synthetic,independent-synthetic-v1,42,stable,0.7,6,0.7399305555555555,3
SIM-stable-00017,COURSE_B,18,13,36,23,1,independently_synthetic,independent-synthetic-v1,42,stable,0.7222222222222222,5,0.7399305555555555,3
SIM-stable-00017,COURSE_C,16,15,32,27,0,independently_synthetic,independent-synthetic-v1,42,stable,0.9375,1,0.7399305555555555,3
SIM-stable-00017,COURSE_D,20,12,40,22,1,independently_synthetic,independent-synthetic-v1,42,stable,0.6,8,0.7399305555555555,3
SIM-stable-00018,COURSE_A,20,16,40,34,0,independently_synthetic,independent-synthetic-v1,42,stable,0.8,4,0.7215277777777778,2
SIM-stable-00018,COURSE_B,18,11,36,22,1,independently_synthetic,independent-synthetic-v1,42,stable,0.6111111111111112,7,0.7215277777777778,2
SIM-stable-00018,COURSE_C,16,14,32,28,0,independently_synthetic,independent-synthetic-v1,42,stable,0.875,2,0.7215277777777778,2
SIM-stable-00018,COURSE_D,20,12,40,28,1,independently_synthetic,independent-synthetic-v1,42,stable,0.6,8,0.7215277777777778,2
SIM-stable-00019,COURSE_A,20,17,40,35,0,independently_synthetic,independent-synthetic-v1,42,stable,0.85,3,0.871875,1
SIM-stable-00019,COURSE_B,18,18,36,35,0,independently_synthetic,independent-synthetic-v1,42,stable,1.0,0,0.871875,1
SIM-stable-00019,COURSE_C,16,15,32,32,0,independently_synthetic,independent-synthetic-v1,42,stable,0.9375,1,0.871875,1
SIM-stable-00019,COURSE_D,20,14,40,36,0,independently_synthetic,independent-synthetic-v1,42,stable,0.7,6,0.871875,1
SIM-stable-00020,COURSE_A,20,17,40,36,0,independently_synthetic,independent-synthetic-v1,42,stable,0.85,3,0.7725694444444444,1
SIM-stable-00020,COURSE_B,18,14,36,29,0,independently_synthetic,independent-synthetic-v1,42,stable,0.7777777777777778,4,0.7725694444444444,1
SIM-stable-00020,COURSE_C,16,13,32,28,0,independently_synthetic,independent-synthetic-v1,42,stable,0.8125,3,0.7725694444444444,1
SIM-stable-00020,COURSE_D,20,13,40,23,1,independently_synthetic,independent-synthetic-v1,42,stable,0.65,7,0.7725694444444444,1
SIM-stable-00021,COURSE_A,20,17,40,32,0,independently_synthetic,independent-synthetic-v1,42,stable,0.85,3,0.7225694444444445,1
SIM-stable-00021,COURSE_B,18,14,36,28,0,independently_synthetic,independent-synthetic-v1,42,stable,0.7777777777777778,4,0.7225694444444445,1
SIM-stable-00021,COURSE_C,16,13,32,24,0,independently_synthetic,independent-synthetic-v1,42,stable,0.8125,3,0.7225694444444445,1
SIM-stable-00021,COURSE_D,20,9,40,28,1,independently_synthetic,independent-synthetic-v1,42,stable,0.45,11,0.7225694444444445,1
SIM-stable-00022,COURSE_A,20,13,40,26,1,independently_synthetic,independent-synthetic-v1,42,stable,0.65,7,0.6934027777777778,3
SIM-stable-00022,COURSE_B,18,11,36,23,1,independently_synthetic,independent-synthetic-v1,42,stable,0.6111111111111112,7,0.6934027777777778,3
SIM-stable-00022,COURSE_C,16,13,32,30,0,independently_synthetic,independent-synthetic-v1,42,stable,0.8125,3,0.6934027777777778,3
SIM-stable-00022,COURSE_D,20,14,40,25,1,independently_synthetic,independent-synthetic-v1,42,stable,0.7,6,0.6934027777777778,3
SIM-stable-00023,COURSE_A,20,11,40,25,1,independently_synthetic,independent-synthetic-v1,42,stable,0.55,9,0.55,3
SIM-stable-00023,COURSE_B,18,9,36,17,1,independently_synthetic,independent-synthetic-v1,42,stable,0.5,9,0.55,3
SIM-stable-00023,COURSE_C,16,12,32,24,0,independently_synthetic,independent-synthetic-v1,42,stable,0.75,4,0.55,3
SIM-stable-00023,COURSE_D,20,8,40,20,1,independently_synthetic,independent-synthetic-v1,42,stable,0.4,12,0.55,3
SIM-stable-00024,COURSE_A,20,14,40,34,0,independently_synthetic,independent-synthetic-v1,42,stable,0.7,6,0.7180555555555556,3
SIM-stable-00024,COURSE_B,18,13,36,24,1,independently_synthetic,independent-synthetic-v1,42,stable,0.7222222222222222,5,0.7180555555555556,3
SIM-stable-00024,COURSE_C,16,12,32,27,0,independently_synthetic,independent-synthetic-v1,42,stable,0.75,4,0.7180555555555556,3
SIM-stable-00024,COURSE_D,20,14,40,24,1,independently_synthetic,independent-synthetic-v1,42,stable,0.7,6,0.7180555555555556,3
SIM-stable-00025,COURSE_A,20,13,40,33,0,independently_synthetic,independent-synthetic-v1,42,stable,0.65,7,0.6395833333333334,3
SIM-stable-00025,COURSE_B,18,15,36,23,1,independently_synthetic,independent-synthetic-v1,42,stable,0.8333333333333334,3,0.6395833333333334,3
SIM-stable-00025,COURSE_C,16,10,32,28,0,independently_synthetic,independent-synthetic-v1,42,stable,0.625,6,0.6395833333333334,3
SIM-stable-00025,COURSE_D,20,9,40,20,1,independently_synthetic,independent-synthetic-v1,42,stable,0.45,11,0.6395833333333334,3
SIM-stable-00026,COURSE_A,20,13,40,34,0,independently_synthetic,independent-synthetic-v1,42,stable,0.65,7,0.7395833333333334,2
SIM-stable-00026,COURSE_B,18,15,36,25,1,independently_synthetic,independent-synthetic-v1,42,stable,0.8333333333333334,3,0.7395833333333334,2
SIM-stable-00026,COURSE_C,16,14,32,28,0,independently_synthetic,independent-synthetic-v1,42,stable,0.875,2,0.7395833333333334,2
SIM-stable-00026,COURSE_D,20,12,40,22,1,independently_synthetic,independent-synthetic-v1,42,stable,0.6,8,0.7395833333333334,2
SIM-stable-00027,COURSE_A,20,18,40,34,0,independently_synthetic,independent-synthetic-v1,42,stable,0.9,2,0.8815972222222223,0
SIM-stable-00027,COURSE_B,18,16,36,31,0,independently_synthetic,independent-synthetic-v1,42,stable,0.8888888888888888,2,0.8815972222222223,0
SIM-stable-00027,COURSE_C,16,15,32,28,0,independently_synthetic,independent-synthetic-v1,42,stable,0.9375,1,0.8815972222222223,0
SIM-stable-00027,COURSE_D,20,16,40,27,1,independently_synthetic,independent-synthetic-v1,42,stable,0.8,4,0.8815972222222223,0
SIM-stable-00028,COURSE_A,20,17,40,35,0,independently_synthetic,independent-synthetic-v1,42,stable,0.85,3,0.7645833333333334,1
SIM-stable-00028,COURSE_B,18,15,36,22,1,independently_synthetic,independent-synthetic-v1,42,stable,0.8333333333333334,3,0.7645833333333334,1
SIM-stable-00028,COURSE_C,16,14,32,25,0,independently_synthetic,independent-synthetic-v1,42,stable,0.875,2,0.7645833333333334,1
SIM-stable-00028,COURSE_D,20,10,40,24,1,independently_synthetic,independent-synthetic-v1,42,stable,0.5,10,0.7645833333333334,1
SIM-stable-00029,COURSE_A,20,14,40,34,0,independently_synthetic,independent-synthetic-v1,42,stable,0.7,6,0.898611111111111,1
SIM-stable-00029,COURSE_B,18,17,36,28,0,independently_synthetic,independent-synthetic-v1,42,stable,0.9444444444444444,1,0.898611111111111,1
SIM-stable-00029,COURSE_C,16,16,32,29,0,independently_synthetic,independent-synthetic-v1,42,stable,1.0,0,0.898611111111111,1
SIM-stable-00029,COURSE_D,20,19,40,29,0,independently_synthetic,independent-synthetic-v1,42,stable,0.95,1,0.898611111111111,1
SIM-stable-00030,COURSE_A,20,12,40,25,1,independently_synthetic,independent-synthetic-v1,42,stable,0.6,8,0.4392361111111111,4
SIM-stable-00030,COURSE_B,18,8,36,20,1,independently_synthetic,independent-synthetic-v1,42,stable,0.4444444444444444,10,0.4392361111111111,4
SIM-stable-00030,COURSE_C,16,5,32,18,1,independently_synthetic,independent-synthetic-v1,42,stable,0.3125,11,0.4392361111111111,4
SIM-stable-00030,COURSE_D,20,8,40,25,1,independently_synthetic,independent-synthetic-v1,42,stable,0.4,12,0.4392361111111111,4
SIM-stable-00031,COURSE_A,20,15,40,38,0,independently_synthetic,independent-synthetic-v1,42,stable,0.75,5,0.8239583333333333,0
SIM-stable-00031,COURSE_B,18,15,36,23,1,independently_synthetic,independent-synthetic-v1,42,stable,0.8333333333333334,3,0.8239583333333333,0
SIM-stable-00031,COURSE_C,16,13,32,28,0,independently_synthetic,independent-synthetic-v1,42,stable,0.8125,3,0.8239583333333333,0
SIM-stable-00031,COURSE_D,20,18,40,32,0,independently_synthetic,independent-synthetic-v1,42,stable,0.9,2,0.8239583333333333,0
SIM-stable-00032,COURSE_A,20,13,40,20,1,independently_synthetic,independent-synthetic-v1,42,stable,0.65,7,0.5923611111111111,4
SIM-stable-00032,COURSE_B,18,8,36,15,1,independently_synthetic,independent-synthetic-v1,42,stable,0.4444444444444444,10,0.5923611111111111,4
SIM-stable-00032,COURSE_C,16,10,32,20,1,independently_synthetic,independent-synthetic-v1,42,stable,0.625,6,0.5923611111111111,4
SIM-stable-00032,COURSE_D,20,13,40,21,1,independently_synthetic,independent-synthetic-v1,42,stable,0.65,7,0.5923611111111111,4
SIM-stable-00033,COURSE_A,20,17,40,38,0,independently_synthetic,independent-synthetic-v1,42,stable,0.85,3,0.8395833333333333,0
SIM-stable-00033,COURSE_B,18,15,36,29,0,independently_synthetic,independent-synthetic-v1,42,stable,0.8333333333333334,3,0.8395833333333333,0
SIM-stable-00033,COURSE_C,16,14,32,31,0,independently_synthetic,independent-synthetic-v1,42,stable,0.875,2,0.8395833333333333,0
SIM-stable-00033,COURSE_D,20,16,40,36,0,independently_synthetic,independent-synthetic-v1,42,stable,0.8,4,0.8395833333333333,0
SIM-stable-00034,COURSE_A,20,16,40,32,0,independently_synthetic,independent-synthetic-v1,42,stable,0.8,4,0.6392361111111111,2
SIM-stable-00034,COURSE_B,18,8,36,25,1,independently_synthetic,independent-synthetic-v1,42,stable,0.4444444444444444,10,0.6392361111111111,2
SIM-stable-00034,COURSE_C,16,13,32,27,0,independently_synthetic,independent-synthetic-v1,42,stable,0.8125,3,0.6392361111111111,2
SIM-stable-00034,COURSE_D,20,10,40,29,1,independently_synthetic,independent-synthetic-v1,42,stable,0.5,10,0.6392361111111111,2
SIM-stable-00035,COURSE_A,20,14,40,25,1,independently_synthetic,independent-synthetic-v1,42,stable,0.7,6,0.7246527777777778,3
SIM-stable-00035,COURSE_B,18,11,36,23,1,independently_synthetic,independent-synthetic-v1,42,stable,0.6111111111111112,7,0.7246527777777778,3
SIM-stable-00035,COURSE_C,16,15,32,29,0,independently_synthetic,independent-synthetic-v1,42,stable,0.9375,1,0.7246527777777778,3
SIM-stable-00035,COURSE_D,20,13,40,23,1,independently_synthetic,independent-synthetic-v1,42,stable,0.65,7,0.7246527777777778,3
SIM-stable-00036,COURSE_A,20,17,40,34,0,independently_synthetic,independent-synthetic-v1,42,stable,0.85,3,0.7854166666666667,1
SIM-stable-00036,COURSE_B,18,12,36,25,1,independently_synthetic,independent-synthetic-v1,42,stable,0.6666666666666666,6,0.7854166666666667,1
SIM-stable-00036,COURSE_C,16,14,32,28,0,independently_synthetic,independent-synthetic-v1,42,stable,0.875,2,0.7854166666666667,1
SIM-stable-00036,COURSE_D,20,15,40,30,0,independently_synthetic,independent-synthetic-v1,42,stable,0.75,5,0.7854166666666667,1
SIM-stable-00037,COURSE_A,20,14,40,32,0,independently_synthetic,independent-synthetic-v1,42,stable,0.7,6,0.7104166666666667,3
SIM-stable-00037,COURSE_B,18,12,36,25,1,independently_synthetic,independent-synthetic-v1,42,stable,0.6666666666666666,6,0.7104166666666667,3
SIM-stable-00037,COURSE_C,16,14,32,26,0,independently_synthetic,independent-synthetic-v1,42,stable,0.875,2,0.7104166666666667,3
SIM-stable-00037,COURSE_D,20,12,40,25,1,independently_synthetic,independent-synthetic-v1,42,stable,0.6,8,0.7104166666666667,3
SIM-stable-00038,COURSE_A,20,14,40,33,0,independently_synthetic,independent-synthetic-v1,42,stable,0.7,6,0.7197916666666666,3
SIM-stable-00038,COURSE_B,18,12,36,28,1,independently_synthetic,independent-synthetic-v1,42,stable,0.6666666666666666,6,0.7197916666666666,3
SIM-stable-00038,COURSE_C,16,13,32,31,0,independently_synthetic,independent-synthetic-v1,42,stable,0.8125,3,0.7197916666666666,3
SIM-stable-00038,COURSE_D,20,14,40,29,1,independently_synthetic,independent-synthetic-v1,42,stable,0.7,6,0.7197916666666666,3
SIM-stable-00039,COURSE_A,20,19,40,29,0,independently_synthetic,independent-synthetic-v1,42,stable,0.95,1,0.7944444444444444,1
SIM-stable-00039,COURSE_B,18,14,36,29,0,independently_synthetic,independent-synthetic-v1,42,stable,0.7777777777777778,4,0.7944444444444444,1
SIM-stable-00039,COURSE_C,16,16,32,29,0,independently_synthetic,independent-synthetic-v1,42,stable,1.0,0,0.7944444444444444,1
SIM-stable-00039,COURSE_D,20,9,40,27,1,independently_synthetic,independent-synthetic-v1,42,stable,0.45,11,0.7944444444444444,1
SIM-stable-00040,COURSE_A,20,15,40,32,0,independently_synthetic,independent-synthetic-v1,42,stable,0.75,5,0.7565972222222223,1
SIM-stable-00040,COURSE_B,18,16,36,27,0,independently_synthetic,independent-synthetic-v1,42,stable,0.8888888888888888,2,0.7565972222222223,1
SIM-stable-00040,COURSE_C,16,15,32,28,0,independently_synthetic,independent-synthetic-v1,42,stable,0.9375,1,0.7565972222222223,1
SIM-stable-00040,COURSE_D,20,9,40,27,1,independently_synthetic,independent-synthetic-v1,42,stable,0.45,11,0.7565972222222223,1
SIM-stable-00041,COURSE_A,20,18,40,32,0,independently_synthetic,independent-synthetic-v1,42,stable,0.9,2,0.7225694444444445,1
SIM-stable-00041,COURSE_B,18,14,36,21,1,independently_synthetic,independent-synthetic-v1,42,stable,0.7777777777777778,4,0.7225694444444445,1
SIM-stable-00041,COURSE_C,16,13,32,28,0,independently_synthetic,independent-synthetic-v1,42,stable,0.8125,3,0.7225694444444445,1
SIM-stable-00041,COURSE_D,20,8,40,28,1,independently_synthetic,independent-synthetic-v1,42,stable,0.4,12,0.7225694444444445,1
SIM-stable-00042,COURSE_A,20,14,40,28,1,independently_synthetic,independent-synthetic-v1,42,stable,0.7,6,0.5270833333333333,4
SIM-stable-00042,COURSE_B,18,6,36,15,1,independently_synthetic,independent-synthetic-v1,42,stable,0.3333333333333333,12,0.5270833333333333,4
SIM-stable-00042,COURSE_C,16,10,32,21,1,independently_synthetic,independent-synthetic-v1,42,stable,0.625,6,0.5270833333333333,4
SIM-stable-00042,COURSE_D,20,9,40,27,1,independently_synthetic,independent-synthetic-v1,42,stable,0.45,11,0.5270833333333333,4
SIM-stable-00043,COURSE_A,20,16,40,27,1,independently_synthetic,independent-synthetic-v1,42,stable,0.8,4,0.6590277777777778,3
SIM-stable-00043,COURSE_B,18,11,36,21,1,independently_synthetic,independent-synthetic-v1,42,stable,0.6111111111111112,7,0.6590277777777778,3
SIM-stable-00043,COURSE_C,16,10,32,24,1,independently_synthetic,independent-synthetic-v1,42,stable,0.625,6,0.6590277777777778,3
SIM-stable-00043,COURSE_D,20,12,40,22,1,independently_synthetic,independent-synthetic-v1,42,stable,0.6,8,0.6590277777777778,3
SIM-stable-00044,COURSE_A,20,15,40,25,1,independently_synthetic,independent-synthetic-v1,42,stable,0.75,5,0.8069444444444445,1
SIM-stable-00044,COURSE_B,18,14,36,26,1,independently_synthetic,independent-synthetic-v1,42,stable,0.7777777777777778,4,0.8069444444444445,1
SIM-stable-00044,COURSE_C,16,16,32,24,0,independently_synthetic,independent-synthetic-v1,42,stable,1.0,0,0.8069444444444445,1
SIM-stable-00044,COURSE_D,20,14,40,26,1,independently_synthetic,independent-synthetic-v1,42,stable,0.7,6,0.8069444444444445,1
SIM-stable-00045,COURSE_A,20,15,40,32,0,independently_synthetic,independent-synthetic-v1,42,stable,0.75,5,0.6496527777777779,3
SIM-stable-00045,COURSE_B,18,11,36,23,1,independently_synthetic,independent-synthetic-v1,42,stable,0.6111111111111112,7,0.6496527777777779,3
SIM-stable-00045,COURSE_C,16,11,32,25,0,independently_synthetic,independent-synthetic-v1,42,stable,0.6875,5,0.6496527777777779,3
SIM-stable-00045,COURSE_D,20,11,40,21,1,independently_synthetic,independent-synthetic-v1,42,stable,0.55,9,0.6496527777777779,3
SIM-stable-00046,COURSE_A,20,19,40,38,0,independently_synthetic,independent-synthetic-v1,42,stable,0.95,1,0.8215277777777777,1
SIM-stable-00046,COURSE_B,18,11,36,23,1,independently_synthetic,independent-synthetic-v1,42,stable,0.6111111111111112,7,0.8215277777777777,1
SIM-stable-00046,COURSE_C,16,14,32,28,0,independently_synthetic,independent-synthetic-v1,42,stable,0.875,2,0.8215277777777777,1
SIM-stable-00046,COURSE_D,20,17,40,33,0,independently_synthetic,independent-synthetic-v1,42,stable,0.85,3,0.8215277777777777,1
SIM-stable-00047,COURSE_A,20,10,40,30,1,independently_synthetic,independent-synthetic-v1,42,stable,0.5,10,0.6465277777777778,3
SIM-stable-00047,COURSE_B,18,11,36,19,1,independently_synthetic,independent-synthetic-v1,42,stable,0.6111111111111112,7,0.6465277777777778,3
SIM-stable-00047,COURSE_C,16,14,32,27,0,independently_synthetic,independent-synthetic-v1,42,stable,0.875,2,0.6465277777777778,3
SIM-stable-00047,COURSE_D,20,12,40,32,1,independently_synthetic,independent-synthetic-v1,42,stable,0.6,8,0.6465277777777778,3
SIM-stable-00048,COURSE_A,20,16,40,26,1,independently_synthetic,independent-synthetic-v1,42,stable,0.8,4,0.5767361111111111,3
SIM-stable-00048,COURSE_B,18,8,36,15,1,independently_synthetic,independent-synthetic-v1,42,stable,0.4444444444444444,10,0.5767361111111111,3
SIM-stable-00048,COURSE_C,16,9,32,25,1,independently_synthetic,independent-synthetic-v1,42,stable,0.5625,7,0.5767361111111111,3
SIM-stable-00048,COURSE_D,20,10,40,17,1,independently_synthetic,independent-synthetic-v1,42,stable,0.5,10,0.5767361111111111,3
SIM-stable-00049,COURSE_A,20,16,40,37,0,independently_synthetic,independent-synthetic-v1,42,stable,0.8,4,0.7232638888888889,2
SIM-stable-00049,COURSE_B,18,10,36,24,1,independently_synthetic,independent-synthetic-v1,42,stable,0.5555555555555556,8,0.7232638888888889,2
SIM-stable-00049,COURSE_C,16,11,32,27,0,independently_synthetic,independent-synthetic-v1,42,stable,0.6875,5,0.7232638888888889,2
SIM-stable-00049,COURSE_D,20,17,40,32,0,independently_synthetic,independent-synthetic-v1,42,stable,0.85,3,0.7232638888888889,2
SIM-stable-00050,COURSE_A,20,13,40,33,0,independently_synthetic,independent-synthetic-v1,42,stable,0.65,7,0.6850694444444445,2
SIM-stable-00050,COURSE_B,18,14,36,25,1,independently_synthetic,independent-synthetic-v1,42,stable,0.7777777777777778,4,0.6850694444444445,2
SIM-stable-00050,COURSE_C,16,9,32,29,0,independently_synthetic,independent-synthetic-v1,42,stable,0.5625,7,0.6850694444444445,2
SIM-stable-00050,COURSE_D,20,15,40,25,1,independently_synthetic,independent-synthetic-v1,42,stable,0.75,5,0.6850694444444445,2
SIM-stable-00051,COURSE_A,20,10,40,27,1,independently_synthetic,independent-synthetic-v1,42,stable,0.5,10,0.6621527777777778,3
SIM-stable-00051,COURSE_B,18,11,36,25,1,independently_synthetic,independent-synthetic-v1,42,stable,0.6111111111111112,7,0.6621527777777778,3
SIM-stable-00051,COURSE_C,16,15,32,24,0,independently_synthetic,independent-synthetic-v1,42,stable,0.9375,1,0.6621527777777778,3
SIM-stable-00051,COURSE_D,20,12,40,23,1,independently_synthetic,independent-synthetic-v1,42,stable,0.6,8,0.6621527777777778,3
SIM-stable-00052,COURSE_A,20,13,40,28,1,independently_synthetic,independent-synthetic-v1,42,stable,0.65,7,0.6541666666666667,3
SIM-stable-00052,COURSE_B,18,12,36,22,1,independently_synthetic,independent-synthetic-v1,42,stable,0.6666666666666666,6,0.6541666666666667,3
SIM-stable-00052,COURSE_C,16,12,32,22,1,independently_synthetic,independent-synthetic-v1,42,stable,0.75,4,0.6541666666666667,3
SIM-stable-00052,COURSE_D,20,11,40,25,1,independently_synthetic,independent-synthetic-v1,42,stable,0.55,9,0.6541666666666667,3
SIM-stable-00053,COURSE_A,20,17,40,26,1,independently_synthetic,independent-synthetic-v1,42,stable,0.85,3,0.7027777777777777,2
SIM-stable-00053,COURSE_B,18,11,36,20,1,independently_synthetic,independent-synthetic-v1,42,stable,0.6111111111111112,7,0.7027777777777777,2
SIM-stable-00053,COURSE_C,16,12,32,24,0,independently_synthetic,independent-synthetic-v1,42,stable,0.75,4,0.7027777777777777,2
SIM-stable-00053,COURSE_D,20,12,40,23,1,independently_synthetic,independent-synthetic-v1,42,stable,0.6,8,0.7027777777777777,2
SIM-stable-00054,COURSE_A,20,17,40,29,0,independently_synthetic,independent-synthetic-v1,42,stable,0.85,3,0.7743055555555556,2
SIM-stable-00054,COURSE_B,18,13,36,23,1,independently_synthetic,independent-synthetic-v1,42,stable,0.7222222222222222,5,0.7743055555555556,2
SIM-stable-00054,COURSE_C,16,14,32,30,0,independently_synthetic,independent-synthetic-v1,42,stable,0.875,2,0.7743055555555556,2
SIM-stable-00054,COURSE_D,20,13,40,27,1,independently_synthetic,independent-synthetic-v1,42,stable,0.65,7,0.7743055555555556,2
SIM-stable-00055,COURSE_A,20,12,40,23,1,independently_synthetic,independent-synthetic-v1,42,stable,0.6,8,0.6475694444444444,2
SIM-stable-00055,COURSE_B,18,14,36,25,1,independently_synthetic,independent-synthetic-v1,42,stable,0.7777777777777778,4,0.6475694444444444,2
SIM-stable-00055,COURSE_C,16,13,32,20,1,independently_synthetic,independent-synthetic-v1,42,stable,0.8125,3,0.6475694444444444,2
SIM-stable-00055,COURSE_D,20,8,40,17,1,independently_synthetic,independent-synthetic-v1,42,stable,0.4,12,0.6475694444444444,2
SIM-stable-00056,COURSE_A,20,19,40,32,0,independently_synthetic,independent-synthetic-v1,42,stable,0.95,1,0.8381944444444445,0
SIM-stable-00056,COURSE_B,18,14,36,28,0,independently_synthetic,independent-synthetic-v1,42,stable,0.7777777777777778,4,0.8381944444444445,0
SIM-stable-00056,COURSE_C,16,14,32,25,0,independently_synthetic,independent-synthetic-v1,42,stable,0.875,2,0.8381944444444445,0
SIM-stable-00056,COURSE_D,20,15,40,29,1,independently_synthetic,independent-synthetic-v1,42,stable,0.75,5,0.8381944444444445,0
SIM-stable-00057,COURSE_A,20,10,40,24,1,independently_synthetic,independent-synthetic-v1,42,stable,0.5,10,0.5253472222222222,4
SIM-stable-00057,COURSE_B,18,7,36,25,1,independently_synthetic,independent-synthetic-v1,42,stable,0.3888888888888889,11,0.5253472222222222,4
SIM-stable-00057,COURSE_C,16,9,32,22,1,independently_synthetic,independent-synthetic-v1,42,stable,0.5625,7,0.5253472222222222,4
SIM-stable-00057,COURSE_D,20,13,40,17,1,independently_synthetic,independent-synthetic-v1,42,stable,0.65,7,0.5253472222222222,4
SIM-stable-00058,COURSE_A,20,20,40,37,0,independently_synthetic,independent-synthetic-v1,42,stable,1.0,0,0.7774305555555555,3
SIM-stable-00058,COURSE_B,18,13,36,22,1,independently_synthetic,independent-synthetic-v1,42,stable,0.7222222222222222,5,0.7774305555555555,3
SIM-stable-00058,COURSE_C,16,11,32,31,0,independently_synthetic,independent-synthetic-v1,42,stable,0.6875,5,0.7774305555555555,3
SIM-stable-00058,COURSE_D,20,14,40,32,0,independently_synthetic,independent-synthetic-v1,42,stable,0.7,6,0.7774305555555555,3
SIM-stable-00059,COURSE_A,20,16,40,25,1,independently_synthetic,independent-synthetic-v1,42,stable,0.8,4,0.7184027777777778,2
SIM-stable-00059,COURSE_B,18,11,36,17,1,independently_synthetic,independent-synthetic-v1,42,stable,0.6111111111111112,7,0.7184027777777778,2
SIM-stable-00059,COURSE_C,16,13,32,29,0,independently_synthetic,independent-synthetic-v1,42,stable,0.8125,3,0.7184027777777778,2
SIM-stable-00059,COURSE_D,20,13,40,30,1,independently_synthetic,independent-synthetic-v1,42,stable,0.65,7,0.7184027777777778,2
SIM-stable-00060,COURSE_A,20,20,40,39,0,independently_synthetic,independent-synthetic-v1,42,stable,1.0,0,0.8503472222222221,1
SIM-stable-00060,COURSE_B,18,16,36,27,0,independently_synthetic,independent-synthetic-v1,42,stable,0.8888888888888888,2,0.8503472222222221,1
SIM-stable-00060,COURSE_C,16,13,32,26,0,independently_synthetic,independent-synthetic-v1,42,stable,0.8125,3,0.8503472222222221,1
SIM-stable-00060,COURSE_D,20,14,40,31,0,independently_synthetic,independent-synthetic-v1,42,stable,0.7,6,0.8503472222222221,1
SIM-stable-00061,COURSE_A,20,15,40,35,0,independently_synthetic,independent-synthetic-v1,42,stable,0.75,5,0.5923611111111111,3
SIM-stable-00061,COURSE_B,18,8,36,33,0,independently_synthetic,independent-synthetic-v1,42,stable,0.4444444444444444,10,0.5923611111111111,3
SIM-stable-00061,COURSE_C,16,10,32,27,0,independently_synthetic,independent-synthetic-v1,42,stable,0.625,6,0.5923611111111111,3
SIM-stable-00061,COURSE_D,20,11,40,24,1,independently_synthetic,independent-synthetic-v1,42,stable,0.55,9,0.5923611111111111,3
SIM-stable-00062,COURSE_A,20,16,40,34,0,independently_synthetic,independent-synthetic-v1,42,stable,0.8,4,0.7649305555555556,2
SIM-stable-00062,COURSE_B,18,13,36,22,1,independently_synthetic,independent-synthetic-v1,42,stable,0.7222222222222222,5,0.7649305555555556,2
SIM-stable-00062,COURSE_C,16,15,32,23,0,independently_synthetic,independent-synthetic-v1,42,stable,0.9375,1,0.7649305555555556,2
SIM-stable-00062,COURSE_D,20,12,40,31,1,independently_synthetic,independent-synthetic-v1,42,stable,0.6,8,0.7649305555555556,2
SIM-stable-00063,COURSE_A,20,14,40,26,1,independently_synthetic,independent-synthetic-v1,42,stable,0.7,6,0.6680555555555555,3
SIM-stable-00063,COURSE_B,18,13,36,24,1,independently_synthetic,independent-synthetic-v1,42,stable,0.7222222222222222,5,0.6680555555555555,3
SIM-stable-00063,COURSE_C,16,12,32,23,1,independently_synthetic,independent-synthetic-v1,42,stable,0.75,4,0.6680555555555555,3
SIM-stable-00063,COURSE_D,20,10,40,24,1,independently_synthetic,independent-synthetic-v1,42,stable,0.5,10,0.6680555555555555,3
SIM-stable-00064,COURSE_A,20,12,40,30,1,independently_synthetic,independent-synthetic-v1,42,stable,0.6,8,0.7506944444444444,1
SIM-stable-00064,COURSE_B,18,14,36,20,1,independently_synthetic,independent-synthetic-v1,42,stable,0.7777777777777778,4,0.7506944444444444,1
SIM-stable-00064,COURSE_C,16,14,32,23,0,independently_synthetic,independent-synthetic-v1,42,stable,0.875,2,0.7506944444444444,1
SIM-stable-00064,COURSE_D,20,15,40,27,1,independently_synthetic,independent-synthetic-v1,42,stable,0.75,5,0.7506944444444444,1
SIM-stable-00065,COURSE_A,20,14,40,26,1,independently_synthetic,independent-synthetic-v1,42,stable,0.7,6,0.6826388888888889,3
SIM-stable-00065,COURSE_B,18,10,36,20,1,independently_synthetic,independent-synthetic-v1,42,stable,0.5555555555555556,8,0.6826388888888889,3
SIM-stable-00065,COURSE_C,16,14,32,22,0,independently_synthetic,independent-synthetic-v1,42,stable,0.875,2,0.6826388888888889,3
SIM-stable-00065,COURSE_D,20,12,40,16,1,independently_synthetic,independent-synthetic-v1,42,stable,0.6,8,0.6826388888888889,3
SIM-stable-00066,COURSE_A,20,20,40,37,0,independently_synthetic,independent-synthetic-v1,42,stable,1.0,0,0.9069444444444444,0
SIM-stable-00066,COURSE_B,18,14,36,27,0,independently_synthetic,independent-synthetic-v1,42,stable,0.7777777777777778,4,0.9069444444444444,0
SIM-stable-00066,COURSE_C,16,16,32,31,0,independently_synthetic,independent-synthetic-v1,42,stable,1.0,0,0.9069444444444444,0
SIM-stable-00066,COURSE_D,20,17,40,33,0,independently_synthetic,independent-synthetic-v1,42,stable,0.85,3,0.9069444444444444,0
SIM-stable-00067,COURSE_A,20,17,40,31,0,independently_synthetic,independent-synthetic-v1,42,stable,0.85,3,0.8270833333333334,0
SIM-stable-00067,COURSE_B,18,15,36,28,0,independently_synthetic,independent-synthetic-v1,42,stable,0.8333333333333334,3,0.8270833333333334,0
SIM-stable-00067,COURSE_C,16,14,32,23,0,independently_synthetic,independent-synthetic-v1,42,stable,0.875,2,0.8270833333333334,0
SIM-stable-00067,COURSE_D,20,15,40,22,1,independently_synthetic,independent-synthetic-v1,42,stable,0.75,5,0.8270833333333334,0
SIM-stable-00068,COURSE_A,20,17,40,33,0,independently_synthetic,independent-synthetic-v1,42,stable,0.85,3,0.7868055555555555,2
SIM-stable-00068,COURSE_B,18,13,36,27,1,independently_synthetic,independent-synthetic-v1,42,stable,0.7222222222222222,5,0.7868055555555555,2
SIM-stable-00068,COURSE_C,16,14,32,24,0,independently_synthetic,independent-synthetic-v1,42,stable,0.875,2,0.7868055555555555,2
SIM-stable-00068,COURSE_D,20,14,40,31,0,independently_synthetic,independent-synthetic-v1,42,stable,0.7,6,0.7868055555555555,2
SIM-stable-00069,COURSE_A,20,14,40,28,1,independently_synthetic,independent-synthetic-v1,42,stable,0.7,6,0.721875,2
SIM-stable-00069,COURSE_B,18,9,36,20,1,independently_synthetic,independent-synthetic-v1,42,stable,0.5,9,0.721875,2
SIM-stable-00069,COURSE_C,16,15,32,28,0,independently_synthetic,independent-synthetic-v1,42,stable,0.9375,1,0.721875,2
SIM-stable-00069,COURSE_D,20,15,40,33,0,independently_synthetic,independent-synthetic-v1,42,stable,0.75,5,0.721875,2
SIM-stable-00070,COURSE_A,20,12,40,28,1,independently_synthetic,independent-synthetic-v1,42,stable,0.6,8,0.5993055555555555,4
SIM-stable-00070,COURSE_B,18,13,36,18,1,independently_synthetic,independent-synthetic-v1,42,stable,0.7222222222222222,5,0.5993055555555555,4
SIM-stable-00070,COURSE_C,16,10,32,23,1,independently_synthetic,independent-synthetic-v1,42,stable,0.625,6,0.5993055555555555,4
SIM-stable-00070,COURSE_D,20,9,40,21,1,independently_synthetic,independent-synthetic-v1,42,stable,0.45,11,0.5993055555555555,4
SIM-stable-00071,COURSE_A,20,15,40,37,0,independently_synthetic,independent-synthetic-v1,42,stable,0.75,5,0.8020833333333334,0
SIM-stable-00071,COURSE_B,18,15,36,27,0,independently_synthetic,independent-synthetic-v1,42,stable,0.8333333333333334,3,0.8020833333333334,0
SIM-stable-00071,COURSE_C,16,14,32,26,0,independently_synthetic,independent-synthetic-v1,42,stable,0.875,2,0.8020833333333334,0
SIM-stable-00071,COURSE_D,20,15,40,26,1,independently_synthetic,independent-synthetic-v1,42,stable,0.75,5,0.8020833333333334,0
SIM-stable-00072,COURSE_A,20,19,40,39,0,independently_synthetic,independent-synthetic-v1,42,stable,0.95,1,0.8927083333333333,0
SIM-stable-00072,COURSE_B,18,15,36,22,1,independently_synthetic,independent-synthetic-v1,42,stable,0.8333333333333334,3,0.8927083333333333,0
SIM-stable-00072,COURSE_C,16,15,32,30,0,independently_synthetic,independent-synthetic-v1,42,stable,0.9375,1,0.8927083333333333,0
SIM-stable-00072,COURSE_D,20,17,40,35,0,independently_synthetic,independent-synthetic-v1,42,stable,0.85,3,0.8927083333333333,0
SIM-stable-00073,COURSE_A,20,18,40,27,0,independently_synthetic,independent-synthetic-v1,42,stable,0.9,2,0.8246527777777778,1
SIM-stable-00073,COURSE_B,18,11,36,30,0,independently_synthetic,independent-synthetic-v1,42,stable,0.6111111111111112,7,0.8246527777777778,1
SIM-stable-00073,COURSE_C,16,15,32,29,0,independently_synthetic,independent-synthetic-v1,42,stable,0.9375,1,0.8246527777777778,1
SIM-stable-00073,COURSE_D,20,17,40,24,1,independently_synthetic,independent-synthetic-v1,42,stable,0.85,3,0.8246527777777778,1
SIM-stable-00074,COURSE_A,20,18,40,36,0,independently_synthetic,independent-synthetic-v1,42,stable,0.9,2,0.8440972222222223,1
SIM-stable-00074,COURSE_B,18,16,36,22,1,independently_synthetic,independent-synthetic-v1,42,stable,0.8888888888888888,2,0.8440972222222223,1
SIM-stable-00074,COURSE_C,16,15,32,30,0,independently_synthetic,independent-synthetic-v1,42,stable,0.9375,1,0.8440972222222223,1
SIM-stable-00074,COURSE_D,20,13,40,32,0,independently_synthetic,independent-synthetic-v1,42,stable,0.65,7,0.8440972222222223,1
SIM-stable-00075,COURSE_A,20,15,40,32,0,independently_synthetic,independent-synthetic-v1,42,stable,0.75,5,0.6170138888888889,2
SIM-stable-00075,COURSE_B,18,10,36,26,1,independently_synthetic,independent-synthetic-v1,42,stable,0.5555555555555556,8,0.6170138888888889,2
SIM-stable-00075,COURSE_C,16,13,32,25,0,independently_synthetic,independent-synthetic-v1,42,stable,0.8125,3,0.6170138888888889,2
SIM-stable-00075,COURSE_D,20,7,40,27,1,independently_synthetic,independent-synthetic-v1,42,stable,0.35,13,0.6170138888888889,2
SIM-stable-00076,COURSE_A,20,18,40,34,0,independently_synthetic,independent-synthetic-v1,42,stable,0.9,2,0.7010416666666667,3
SIM-stable-00076,COURSE_B,18,12,36,20,1,independently_synthetic,independent-synthetic-v1,42,stable,0.6666666666666666,6,0.7010416666666667,3
SIM-stable-00076,COURSE_C,16,11,32,24,1,independently_synthetic,independent-synthetic-v1,42,stable,0.6875,5,0.7010416666666667,3
SIM-stable-00076,COURSE_D,20,11,40,24,1,independently_synthetic,independent-synthetic-v1,42,stable,0.55,9,0.7010416666666667,3
SIM-stable-00077,COURSE_A,20,17,40,29,0,independently_synthetic,independent-synthetic-v1,42,stable,0.85,3,0.8298611111111112,1
SIM-stable-00077,COURSE_B,18,17,36,28,0,independently_synthetic,independent-synthetic-v1,42,stable,0.9444444444444444,1,0.8298611111111112,1
SIM-stable-00077,COURSE_C,16,14,32,24,0,independently_synthetic,independent-synthetic-v1,42,stable,0.875,2,0.8298611111111112,1
SIM-stable-00077,COURSE_D,20,13,40,30,1,independently_synthetic,independent-synthetic-v1,42,stable,0.65,7,0.8298611111111112,1
SIM-stable-00078,COURSE_A,20,19,40,40,0,independently_synthetic,independent-synthetic-v1,42,stable,0.95,1,0.8958333333333333,0
SIM-stable-00078,COURSE_B,18,15,36,31,0,independently_synthetic,independent-synthetic-v1,42,stable,0.8333333333333334,3,0.8958333333333333,0
SIM-stable-00078,COURSE_C,16,16,32,31,0,independently_synthetic,independent-synthetic-v1,42,stable,1.0,0,0.8958333333333333,0
SIM-stable-00078,COURSE_D,20,16,40,31,0,independently_synthetic,independent-synthetic-v1,42,stable,0.8,4,0.8958333333333333,0
SIM-stable-00079,COURSE_A,20,16,40,32,0,independently_synthetic,independent-synthetic-v1,42,stable,0.8,4,0.8048611111111111,1
SIM-stable-00079,COURSE_B,18,17,36,29,0,independently_synthetic,independent-synthetic-v1,42,stable,0.9444444444444444,1,0.8048611111111111,1
SIM-stable-00079,COURSE_C,16,14,32,28,0,independently_synthetic,independent-synthetic-v1,42,stable,0.875,2,0.8048611111111111,1
SIM-stable-00079,COURSE_D,20,12,40,29,1,independently_synthetic,independent-synthetic-v1,42,stable,0.6,8,0.8048611111111111,1
SIM-stable-00080,COURSE_A,20,16,40,29,0,independently_synthetic,independent-synthetic-v1,42,stable,0.8,4,0.6819444444444445,2
SIM-stable-00080,COURSE_B,18,14,36,25,1,independently_synthetic,independent-synthetic-v1,42,stable,0.7777777777777778,4,0.6819444444444445,2
SIM-stable-00080,COURSE_C,16,8,32,22,1,independently_synthetic,independent-synthetic-v1,42,stable,0.5,8,0.6819444444444445,2
SIM-stable-00080,COURSE_D,20,13,40,28,1,independently_synthetic,independent-synthetic-v1,42,stable,0.65,7,0.6819444444444445,2
SIM-stable-00081,COURSE_A,20,18,40,39,0,independently_synthetic,independent-synthetic-v1,42,stable,0.9,2,0.7697916666666667,2
SIM-stable-00081,COURSE_B,18,12,36,28,1,independently_synthetic,independent-synthetic-v1,42,stable,0.6666666666666666,6,0.7697916666666667,2
SIM-stable-00081,COURSE_C,16,13,32,28,0,independently_synthetic,independent-synthetic-v1,42,stable,0.8125,3,0.7697916666666667,2
SIM-stable-00081,COURSE_D,20,14,40,29,1,independently_synthetic,independent-synthetic-v1,42,stable,0.7,6,0.7697916666666667,2
SIM-stable-00082,COURSE_A,20,17,40,27,1,independently_synthetic,independent-synthetic-v1,42,stable,0.85,3,0.7791666666666667,1
SIM-stable-00082,COURSE_B,18,12,36,22,1,independently_synthetic,independent-synthetic-v1,42,stable,0.6666666666666666,6,0.7791666666666667,1
SIM-stable-00082,COURSE_C,16,12,32,24,0,independently_synthetic,independent-synthetic-v1,42,stable,0.75,4,0.7791666666666667,1
SIM-stable-00082,COURSE_D,20,17,40,34,0,independently_synthetic,independent-synthetic-v1,42,stable,0.85,3,0.7791666666666667,1
SIM-stable-00083,COURSE_A,20,18,40,33,0,independently_synthetic,independent-synthetic-v1,42,stable,0.9,2,0.8208333333333333,1
SIM-stable-00083,COURSE_B,18,15,36,24,1,independently_synthetic,independent-synthetic-v1,42,stable,0.8333333333333334,3,0.8208333333333333,1
SIM-stable-00083,COURSE_C,16,16,32,32,0,independently_synthetic,independent-synthetic-v1,42,stable,1.0,0,0.8208333333333333,1
SIM-stable-00083,COURSE_D,20,11,40,23,1,independently_synthetic,independent-synthetic-v1,42,stable,0.55,9,0.8208333333333333,1
SIM-stable-00084,COURSE_A,20,18,40,32,0,independently_synthetic,independent-synthetic-v1,42,stable,0.9,2,0.8493055555555555,1
SIM-stable-00084,COURSE_B,18,13,36,26,1,independently_synthetic,independent-synthetic-v1,42,stable,0.7222222222222222,5,0.8493055555555555,1
SIM-stable-00084,COURSE_C,16,14,32,27,0,independently_synthetic,independent-synthetic-v1,42,stable,0.875,2,0.8493055555555555,1
SIM-stable-00084,COURSE_D,20,18,40,33,0,independently_synthetic,independent-synthetic-v1,42,stable,0.9,2,0.8493055555555555,1
SIM-stable-00085,COURSE_A,20,15,40,33,0,independently_synthetic,independent-synthetic-v1,42,stable,0.75,5,0.7201388888888889,2
SIM-stable-00085,COURSE_B,18,10,36,27,1,independently_synthetic,independent-synthetic-v1,42,stable,0.5555555555555556,8,0.7201388888888889,2
SIM-stable-00085,COURSE_C,16,14,32,28,0,independently_synthetic,independent-synthetic-v1,42,stable,0.875,2,0.7201388888888889,2
SIM-stable-00085,COURSE_D,20,14,40,23,1,independently_synthetic,independent-synthetic-v1,42,stable,0.7,6,0.7201388888888889,2
SIM-stable-00086,COURSE_A,20,19,40,37,0,independently_synthetic,independent-synthetic-v1,42,stable,0.95,1,0.8972222222222221,0
SIM-stable-00086,COURSE_B,18,16,36,32,0,independently_synthetic,independent-synthetic-v1,42,stable,0.8888888888888888,2,0.8972222222222221,0
SIM-stable-00086,COURSE_C,16,16,32,32,0,independently_synthetic,independent-synthetic-v1,42,stable,1.0,0,0.8972222222222221,0
SIM-stable-00086,COURSE_D,20,15,40,30,0,independently_synthetic,independent-synthetic-v1,42,stable,0.75,5,0.8972222222222221,0
SIM-stable-00087,COURSE_A,20,18,40,37,0,independently_synthetic,independent-synthetic-v1,42,stable,0.9,2,0.8791666666666667,1
SIM-stable-00087,COURSE_B,18,12,36,30,0,independently_synthetic,independent-synthetic-v1,42,stable,0.6666666666666666,6,0.8791666666666667,1
SIM-stable-00087,COURSE_C,16,16,32,32,0,independently_synthetic,independent-synthetic-v1,42,stable,1.0,0,0.8791666666666667,1
SIM-stable-00087,COURSE_D,20,19,40,36,0,independently_synthetic,independent-synthetic-v1,42,stable,0.95,1,0.8791666666666667,1
SIM-stable-00088,COURSE_A,20,14,40,35,0,independently_synthetic,independent-synthetic-v1,42,stable,0.7,6,0.6527777777777778,3
SIM-stable-00088,COURSE_B,18,11,36,28,1,independently_synthetic,independent-synthetic-v1,42,stable,0.6111111111111112,7,0.6527777777777778,3
SIM-stable-00088,COURSE_C,16,12,32,25,0,independently_synthetic,independent-synthetic-v1,42,stable,0.75,4,0.6527777777777778,3
SIM-stable-00088,COURSE_D,20,11,40,31,1,independently_synthetic,independent-synthetic-v1,42,stable,0.55,9,0.6527777777777778,3
SIM-stable-00089,COURSE_A,20,18,40,33,0,independently_synthetic,independent-synthetic-v1,42,stable,0.9,2,0.7809027777777778,1
SIM-stable-00089,COURSE_B,18,11,36,26,1,independently_synthetic,independent-synthetic-v1,42,stable,0.6111111111111112,7,0.7809027777777778,1
SIM-stable-00089,COURSE_C,16,13,32,25,0,independently_synthetic,independent-synthetic-v1,42,stable,0.8125,3,0.7809027777777778,1
SIM-stable-00089,COURSE_D,20,16,40,31,0,independently_synthetic,independent-synthetic-v1,42,stable,0.8,4,0.7809027777777778,1
SIM-stable-00090,COURSE_A,20,15,40,34,0,independently_synthetic,independent-synthetic-v1,42,stable,0.75,5,0.7645833333333334,1
SIM-stable-00090,COURSE_B,18,15,36,26,0,independently_synthetic,independent-synthetic-v1,42,stable,0.8333333333333334,3,0.7645833333333334,1
SIM-stable-00090,COURSE_C,16,14,32,25,0,independently_synthetic,independent-synthetic-v1,42,stable,0.875,2,0.7645833333333334,1
SIM-stable-00090,COURSE_D,20,12,40,31,1,independently_synthetic,independent-synthetic-v1,42,stable,0.6,8,0.7645833333333334,1
SIM-stable-00091,COURSE_A,20,15,40,26,1,independently_synthetic,independent-synthetic-v1,42,stable,0.75,5,0.7138888888888889,2
SIM-stable-00091,COURSE_B,18,10,36,18,1,independently_synthetic,independent-synthetic-v1,42,stable,0.5555555555555556,8,0.7138888888888889,2
SIM-stable-00091,COURSE_C,16,16,32,30,0,independently_synthetic,independent-synthetic-v1,42,stable,1.0,0,0.7138888888888889,2
SIM-stable-00091,COURSE_D,20,11,40,23,1,independently_synthetic,independent-synthetic-v1,42,stable,0.55,9,0.7138888888888889,2
SIM-stable-00092,COURSE_A,20,12,40,28,1,independently_synthetic,independent-synthetic-v1,42,stable,0.6,8,0.7399305555555555,3
SIM-stable-00092,COURSE_B,18,13,36,23,1,independently_synthetic,independent-synthetic-v1,42,stable,0.7222222222222222,5,0.7399305555555555,3
SIM-stable-00092,COURSE_C,16,11,32,21,1,independently_synthetic,independent-synthetic-v1,42,stable,0.6875,5,0.7399305555555555,3
SIM-stable-00092,COURSE_D,20,19,40,28,0,independently_synthetic,independent-synthetic-v1,42,stable,0.95,1,0.7399305555555555,3
SIM-stable-00093,COURSE_A,20,18,40,29,0,independently_synthetic,independent-synthetic-v1,42,stable,0.9,2,0.7913194444444445,1
SIM-stable-00093,COURSE_B,18,14,36,24,1,independently_synthetic,independent-synthetic-v1,42,stable,0.7777777777777778,4,0.7913194444444445,1
SIM-stable-00093,COURSE_C,16,15,32,27,0,independently_synthetic,independent-synthetic-v1,42,stable,0.9375,1,0.7913194444444445,1
SIM-stable-00093,COURSE_D,20,11,40,26,1,independently_synthetic,independent-synthetic-v1,42,stable,0.55,9,0.7913194444444445,1
SIM-stable-00094,COURSE_A,20,13,40,29,1,independently_synthetic,independent-synthetic-v1,42,stable,0.65,7,0.65625,3
SIM-stable-00094,COURSE_B,18,9,36,24,1,independently_synthetic,independent-synthetic-v1,42,stable,0.5,9,0.65625,3
SIM-stable-00094,COURSE_C,16,14,32,24,0,independently_synthetic,independent-synthetic-v1,42,stable,0.875,2,0.65625,3
SIM-stable-00094,COURSE_D,20,12,40,27,1,independently_synthetic,independent-synthetic-v1,42,stable,0.6,8,0.65625,3
SIM-stable-00095,COURSE_A,20,17,40,33,0,independently_synthetic,independent-synthetic-v1,42,stable,0.85,3,0.6701388888888888,2
SIM-stable-00095,COURSE_B,18,10,36,26,1,independently_synthetic,independent-synthetic-v1,42,stable,0.5555555555555556,8,0.6701388888888888,2
SIM-stable-00095,COURSE_C,16,14,32,27,0,independently_synthetic,independent-synthetic-v1,42,stable,0.875,2,0.6701388888888888,2
SIM-stable-00095,COURSE_D,20,8,40,32,1,independently_synthetic,independent-synthetic-v1,42,stable,0.4,12,0.6701388888888888,2
SIM-stable-00096,COURSE_A,20,15,40,35,0,independently_synthetic,independent-synthetic-v1,42,stable,0.75,5,0.8003472222222222,0
SIM-stable-00096,COURSE_B,18,16,36,23,1,independently_synthetic,independent-synthetic-v1,42,stable,0.8888888888888888,2,0.8003472222222222,0
SIM-stable-00096,COURSE_C,16,13,32,22,1,independently_synthetic,independent-synthetic-v1,42,stable,0.8125,3,0.8003472222222222,0
SIM-stable-00096,COURSE_D,20,15,40,29,1,independently_synthetic,independent-synthetic-v1,42,stable,0.75,5,0.8003472222222222,0
SIM-stable-00097,COURSE_A,20,18,40,36,0,independently_synthetic,independent-synthetic-v1,42,stable,0.9,2,0.7631944444444445,1
SIM-stable-00097,COURSE_B,18,14,36,29,0,independently_synthetic,independent-synthetic-v1,42,stable,0.7777777777777778,4,0.7631944444444445,1
SIM-stable-00097,COURSE_C,16,14,32,26,0,independently_synthetic,independent-synthetic-v1,42,stable,0.875,2,0.7631944444444445,1
SIM-stable-00097,COURSE_D,20,10,40,27,1,independently_synthetic,independent-synthetic-v1,42,stable,0.5,10,0.7631944444444445,1
SIM-stable-00098,COURSE_A,20,14,40,29,1,independently_synthetic,independent-synthetic-v1,42,stable,0.7,6,0.6434027777777778,3
SIM-stable-00098,COURSE_B,18,11,36,23,1,independently_synthetic,independent-synthetic-v1,42,stable,0.6111111111111112,7,0.6434027777777778,3
SIM-stable-00098,COURSE_C,16,13,32,28,0,independently_synthetic,independent-synthetic-v1,42,stable,0.8125,3,0.6434027777777778,3
SIM-stable-00098,COURSE_D,20,9,40,22,1,independently_synthetic,independent-synthetic-v1,42,stable,0.45,11,0.6434027777777778,3
SIM-stable-00099,COURSE_A,20,16,40,35,0,independently_synthetic,independent-synthetic-v1,42,stable,0.8,4,0.7527777777777778,2
SIM-stable-00099,COURSE_B,18,11,36,26,1,independently_synthetic,independent-synthetic-v1,42,stable,0.6111111111111112,7,0.7527777777777778,2
SIM-stable-00099,COURSE_C,16,16,32,28,0,independently_synthetic,independent-synthetic-v1,42,stable,1.0,0,0.7527777777777778,2
SIM-stable-00099,COURSE_D,20,12,40,29,1,independently_synthetic,independent-synthetic-v1,42,stable,0.6,8,0.7527777777777778,2
SIM-stable-00100,COURSE_A,20,15,40,31,0,independently_synthetic,independent-synthetic-v1,42,stable,0.75,5,0.7291666666666666,1
SIM-stable-00100,COURSE_B,18,12,36,23,1,independently_synthetic,independent-synthetic-v1,42,stable,0.6666666666666666,6,0.7291666666666666,1
SIM-stable-00100,COURSE_C,16,12,32,30,0,independently_synthetic,independent-synthetic-v1,42,stable,0.75,4,0.7291666666666666,1
SIM-stable-00100,COURSE_D,20,15,40,24,1,independently_synthetic,independent-synthetic-v1,42,stable,0.75,5,0.7291666666666666,1
SIM-stable-00101,COURSE_A,20,20,40,40,0,independently_synthetic,independent-synthetic-v1,42,stable,1.0,0,0.8784722222222222,0
SIM-stable-00101,COURSE_B,18,16,36,31,0,independently_synthetic,independent-synthetic-v1,42,stable,0.8888888888888888,2,0.8784722222222222,0
SIM-stable-00101,COURSE_C,16,14,32,31,0,independently_synthetic,independent-synthetic-v1,42,stable,0.875,2,0.8784722222222222,0
SIM-stable-00101,COURSE_D,20,15,40,28,1,independently_synthetic,independent-synthetic-v1,42,stable,0.75,5,0.8784722222222222,0
SIM-stable-00102,COURSE_A,20,13,40,26,1,independently_synthetic,independent-synthetic-v1,42,stable,0.65,7,0.5267361111111111,4
SIM-stable-00102,COURSE_B,18,8,36,15,1,independently_synthetic,independent-synthetic-v1,42,stable,0.4444444444444444,10,0.5267361111111111,4
SIM-stable-00102,COURSE_C,16,9,32,21,1,independently_synthetic,independent-synthetic-v1,42,stable,0.5625,7,0.5267361111111111,4
SIM-stable-00102,COURSE_D,20,9,40,24,1,independently_synthetic,independent-synthetic-v1,42,stable,0.45,11,0.5267361111111111,4
SIM-stable-00103,COURSE_A,20,20,40,38,0,independently_synthetic,independent-synthetic-v1,42,stable,1.0,0,0.8229166666666666,1
SIM-stable-00103,COURSE_B,18,12,36,28,1,independently_synthetic,independent-synthetic-v1,42,stable,0.6666666666666666,6,0.8229166666666666,1
SIM-stable-00103,COURSE_C,16,14,32,27,0,independently_synthetic,independent-synthetic-v1,42,stable,0.875,2,0.8229166666666666,1
SIM-stable-00103,COURSE_D,20,15,40,29,1,independently_synthetic,independent-synthetic-v1,42,stable,0.75,5,0.8229166666666666,1
SIM-stable-00104,COURSE_A,20,15,40,28,1,independently_synthetic,independent-synthetic-v1,42,stable,0.75,5,0.5083333333333333,3
SIM-stable-00104,COURSE_B,18,6,36,20,1,independently_synthetic,independent-synthetic-v1,42,stable,0.3333333333333333,12,0.5083333333333333,3
SIM-stable-00104,COURSE_C,16,8,32,27,1,independently_synthetic,independent-synthetic-v1,42,stable,0.5,8,0.5083333333333333,3
SIM-stable-00104,COURSE_D,20,9,40,22,1,independently_synthetic,independent-synthetic-v1,42,stable,0.45,11,0.5083333333333333,3
SIM-stable-00105,COURSE_A,20,18,40,30,0,independently_synthetic,independent-synthetic-v1,42,stable,0.9,2,0.6378472222222222,2
SIM-stable-00105,COURSE_B,18,7,36,27,1,independently_synthetic,independent-synthetic-v1,42,stable,0.3888888888888889,11,0.6378472222222222,2
SIM-stable-00105,COURSE_C,16,13,32,21,1,independently_synthetic,independent-synthetic-v1,42,stable,0.8125,3,0.6378472222222222,2
SIM-stable-00105,COURSE_D,20,9,40,21,1,independently_synthetic,independent-synthetic-v1,42,stable,0.45,11,0.6378472222222222,2
SIM-stable-00106,COURSE_A,20,20,40,37,0,independently_synthetic,independent-synthetic-v1,42,stable,1.0,0,0.8930555555555555,1
SIM-stable-00106,COURSE_B,18,13,36,27,1,independently_synthetic,independent-synthetic-v1,42,stable,0.7222222222222222,5,0.8930555555555555,1
SIM-stable-00106,COURSE_C,16,16,32,24,0,independently_synthetic,independent-synthetic-v1,42,stable,1.0,0,0.8930555555555555,1
SIM-stable-00106,COURSE_D,20,17,40,32,0,independently_synthetic,independent-synthetic-v1,42,stable,0.85,3,0.8930555555555555,1
SIM-stable-00107,COURSE_A,20,13,40,30,1,independently_synthetic,independent-synthetic-v1,42,stable,0.65,7,0.5989583333333334,3
SIM-stable-00107,COURSE_B,18,6,36,17,1,independently_synthetic,independent-synthetic-v1,42,stable,0.3333333333333333,12,0.5989583333333334,3
SIM-stable-00107,COURSE_C,16,13,32,20,1,independently_synthetic,independent-synthetic-v1,42,stable,0.8125,3,0.5989583333333334,3
SIM-stable-00107,COURSE_D,20,12,40,21,1,independently_synthetic,independent-synthetic-v1,42,stable,0.6,8,0.5989583333333334,3
SIM-stable-00108,COURSE_A,20,20,40,39,0,independently_synthetic,independent-synthetic-v1,42,stable,1.0,0,0.8722222222222222,1
SIM-stable-00108,COURSE_B,18,16,36,31,0,independently_synthetic,independent-synthetic-v1,42,stable,0.8888888888888888,2,0.8722222222222222,1
SIM-stable-00108,COURSE_C,16,16,32,31,0,independently_synthetic,independent-synthetic-v1,42,stable,1.0,0,0.8722222222222222,1
SIM-stable-00108,COURSE_D,20,12,40,29,1,independently_synthetic,independent-synthetic-v1,42,stable,0.6,8,0.8722222222222222,1
SIM-stable-00109,COURSE_A,20,17,40,26,1,independently_synthetic,independent-synthetic-v1,42,stable,0.85,3,0.7961805555555556,1
SIM-stable-00109,COURSE_B,18,13,36,21,1,independently_synthetic,independent-synthetic-v1,42,stable,0.7222222222222222,5,0.7961805555555556,1
SIM-stable-00109,COURSE_C,16,13,32,28,0,independently_synthetic,independent-synthetic-v1,42,stable,0.8125,3,0.7961805555555556,1
SIM-stable-00109,COURSE_D,20,16,40,28,1,independently_synthetic,independent-synthetic-v1,42,stable,0.8,4,0.7961805555555556,1
SIM-stable-00110,COURSE_A,20,17,40,34,0,independently_synthetic,independent-synthetic-v1,42,stable,0.85,3,0.7524305555555555,2
SIM-stable-00110,COURSE_B,18,13,36,28,0,independently_synthetic,independent-synthetic-v1,42,stable,0.7222222222222222,5,0.7524305555555555,2
SIM-stable-00110,COURSE_C,16,11,32,27,0,independently_synthetic,independent-synthetic-v1,42,stable,0.6875,5,0.7524305555555555,2
SIM-stable-00110,COURSE_D,20,15,40,28,1,independently_synthetic,independent-synthetic-v1,42,stable,0.75,5,0.7524305555555555,2
SIM-stable-00111,COURSE_A,20,17,40,35,0,independently_synthetic,independent-synthetic-v1,42,stable,0.85,3,0.8784722222222222,0
SIM-stable-00111,COURSE_B,18,16,36,29,0,independently_synthetic,independent-synthetic-v1,42,stable,0.8888888888888888,2,0.8784722222222222,0
SIM-stable-00111,COURSE_C,16,14,32,30,0,independently_synthetic,independent-synthetic-v1,42,stable,0.875,2,0.8784722222222222,0
SIM-stable-00111,COURSE_D,20,18,40,28,0,independently_synthetic,independent-synthetic-v1,42,stable,0.9,2,0.8784722222222222,0
SIM-stable-00112,COURSE_A,20,14,40,27,1,independently_synthetic,independent-synthetic-v1,42,stable,0.7,6,0.6791666666666667,3
SIM-stable-00112,COURSE_B,18,12,36,16,1,independently_synthetic,independent-synthetic-v1,42,stable,0.6666666666666666,6,0.6791666666666667,3
SIM-stable-00112,COURSE_C,16,12,32,23,1,independently_synthetic,independent-synthetic-v1,42,stable,0.75,4,0.6791666666666667,3
SIM-stable-00112,COURSE_D,20,12,40,27,1,independently_synthetic,independent-synthetic-v1,42,stable,0.6,8,0.6791666666666667,3
SIM-stable-00113,COURSE_A,20,12,40,32,1,independently_synthetic,independent-synthetic-v1,42,stable,0.6,8,0.7086805555555555,3
SIM-stable-00113,COURSE_B,18,13,36,29,0,independently_synthetic,independent-synthetic-v1,42,stable,0.7222222222222222,5,0.7086805555555555,3
SIM-stable-00113,COURSE_C,16,13,32,26,0,independently_synthetic,independent-synthetic-v1,42,stable,0.8125,3,0.7086805555555555,3
SIM-stable-00113,COURSE_D,20,14,40,27,1,independently_synthetic,independent-synthetic-v1,42,stable,0.7,6,0.7086805555555555,3
SIM-stable-00114,COURSE_A,20,17,40,35,0,independently_synthetic,independent-synthetic-v1,42,stable,0.85,3,0.8024305555555555,2
SIM-stable-00114,COURSE_B,18,13,36,25,1,independently_synthetic,independent-synthetic-v1,42,stable,0.7222222222222222,5,0.8024305555555555,2
SIM-stable-00114,COURSE_C,16,15,32,28,0,independently_synthetic,independent-synthetic-v1,42,stable,0.9375,1,0.8024305555555555,2
SIM-stable-00114,COURSE_D,20,14,40,23,1,independently_synthetic,independent-synthetic-v1,42,stable,0.7,6,0.8024305555555555,2
SIM-stable-00115,COURSE_A,20,17,40,33,0,independently_synthetic,independent-synthetic-v1,42,stable,0.85,3,0.8006944444444444,1
SIM-stable-00115,COURSE_B,18,14,36,29,0,independently_synthetic,independent-synthetic-v1,42,stable,0.7777777777777778,4,0.8006944444444444,1
SIM-stable-00115,COURSE_C,16,14,32,27,0,independently_synthetic,independent-synthetic-v1,42,stable,0.875,2,0.8006944444444444,1
SIM-stable-00115,COURSE_D,20,14,40,25,1,independently_synthetic,independent-synthetic-v1,42,stable,0.7,6,0.8006944444444444,1
SIM-stable-00116,COURSE_A,20,19,40,36,0,independently_synthetic,independent-synthetic-v1,42,stable,0.95,1,0.8663194444444444,0
SIM-stable-00116,COURSE_B,18,14,36,26,1,independently_synthetic,independent-synthetic-v1,42,stable,0.7777777777777778,4,0.8663194444444444,0
SIM-stable-00116,COURSE_C,16,15,32,27,0,independently_synthetic,independent-synthetic-v1,42,stable,0.9375,1,0.8663194444444444,0
SIM-stable-00116,COURSE_D,20,16,40,26,1,independently_synthetic,independent-synthetic-v1,42,stable,0.8,4,0.8663194444444444,0
SIM-stable-00117,COURSE_A,20,14,40,31,0,independently_synthetic,independent-synthetic-v1,42,stable,0.7,6,0.7413194444444444,2
SIM-stable-00117,COURSE_B,18,14,36,27,0,independently_synthetic,independent-synthetic-v1,42,stable,0.7777777777777778,4,0.7413194444444444,2
SIM-stable-00117,COURSE_C,16,15,32,29,0,independently_synthetic,independent-synthetic-v1,42,stable,0.9375,1,0.7413194444444444,2
SIM-stable-00117,COURSE_D,20,11,40,26,1,independently_synthetic,independent-synthetic-v1,42,stable,0.55,9,0.7413194444444444,2
SIM-stable-00118,COURSE_A,20,17,40,34,0,independently_synthetic,independent-synthetic-v1,42,stable,0.85,3,0.6586805555555555,2
SIM-stable-00118,COURSE_B,18,13,36,21,1,independently_synthetic,independent-synthetic-v1,42,stable,0.7222222222222222,5,0.6586805555555555,2
SIM-stable-00118,COURSE_C,16,13,32,26,0,independently_synthetic,independent-synthetic-v1,42,stable,0.8125,3,0.6586805555555555,2
SIM-stable-00118,COURSE_D,20,5,40,23,1,independently_synthetic,independent-synthetic-v1,42,stable,0.25,15,0.6586805555555555,2
SIM-stable-00119,COURSE_A,20,14,40,31,0,independently_synthetic,independent-synthetic-v1,42,stable,0.7,6,0.7798611111111111,2
SIM-stable-00119,COURSE_B,18,17,36,28,0,independently_synthetic,independent-synthetic-v1,42,stable,0.9444444444444444,1,0.7798611111111111,2
SIM-stable-00119,COURSE_C,16,14,32,27,0,independently_synthetic,independent-synthetic-v1,42,stable,0.875,2,0.7798611111111111,2
SIM-stable-00119,COURSE_D,20,12,40,32,1,independently_synthetic,independent-synthetic-v1,42,stable,0.6,8,0.7798611111111111,2
SIM-stable-00120,COURSE_A,20,13,40,23,1,independently_synthetic,independent-synthetic-v1,42,stable,0.65,7,0.6965277777777779,3
SIM-stable-00120,COURSE_B,18,11,36,27,1,independently_synthetic,independent-synthetic-v1,42,stable,0.6111111111111112,7,0.6965277777777779,3
SIM-stable-00120,COURSE_C,16,14,32,25,0,independently_synthetic,independent-synthetic-v1,42,stable,0.875,2,0.6965277777777779,3
SIM-stable-00120,COURSE_D,20,13,40,23,1,independently_synthetic,independent-synthetic-v1,42,stable,0.65,7,0.6965277777777779,3
SIM-stable-00121,COURSE_A,20,19,40,38,0,independently_synthetic,independent-synthetic-v1,42,stable,0.95,1,0.8788194444444444,0
SIM-stable-00121,COURSE_B,18,14,36,24,1,independently_synthetic,independent-synthetic-v1,42,stable,0.7777777777777778,4,0.8788194444444444,0
SIM-stable-00121,COURSE_C,16,15,32,29,0,independently_synthetic,independent-synthetic-v1,42,stable,0.9375,1,0.8788194444444444,0
SIM-stable-00121,COURSE_D,20,17,40,27,1,independently_synthetic,independent-synthetic-v1,42,stable,0.85,3,0.8788194444444444,0
SIM-stable-00122,COURSE_A,20,14,40,33,0,independently_synthetic,independent-synthetic-v1,42,stable,0.7,6,0.684375,3
SIM-stable-00122,COURSE_B,18,9,36,27,1,independently_synthetic,independent-synthetic-v1,42,stable,0.5,9,0.684375,3
SIM-stable-00122,COURSE_C,16,15,32,30,0,independently_synthetic,independent-synthetic-v1,42,stable,0.9375,1,0.684375,3
SIM-stable-00122,COURSE_D,20,12,40,28,1,independently_synthetic,independent-synthetic-v1,42,stable,0.6,8,0.684375,3
SIM-stable-00123,COURSE_A,20,18,40,24,1,independently_synthetic,independent-synthetic-v1,42,stable,0.9,2,0.5756944444444445,3
SIM-stable-00123,COURSE_B,18,5,36,15,1,independently_synthetic,independent-synthetic-v1,42,stable,0.2777777777777778,13,0.5756944444444445,3
SIM-stable-00123,COURSE_C,16,10,32,27,0,independently_synthetic,independent-synthetic-v1,42,stable,0.625,6,0.5756944444444445,3
SIM-stable-00123,COURSE_D,20,10,40,23,1,independently_synthetic,independent-synthetic-v1,42,stable,0.5,10,0.5756944444444445,3
SIM-stable-00124,COURSE_A,20,17,40,33,0,independently_synthetic,independent-synthetic-v1,42,stable,0.85,3,0.8260416666666667,1
SIM-stable-00124,COURSE_B,18,12,36,25,1,independently_synthetic,independent-synthetic-v1,42,stable,0.6666666666666666,6,0.8260416666666667,1
SIM-stable-00124,COURSE_C,16,15,32,31,0,independently_synthetic,independent-synthetic-v1,42,stable,0.9375,1,0.8260416666666667,1
SIM-stable-00124,COURSE_D,20,17,40,29,0,independently_synthetic,independent-synthetic-v1,42,stable,0.85,3,0.8260416666666667,1
SIM-stable-00125,COURSE_A,20,17,40,36,0,independently_synthetic,independent-synthetic-v1,42,stable,0.85,3,0.7680555555555555,1
SIM-stable-00125,COURSE_B,18,13,36,27,1,independently_synthetic,independent-synthetic-v1,42,stable,0.7222222222222222,5,0.7680555555555555,1
SIM-stable-00125,COURSE_C,16,12,32,26,0,independently_synthetic,independent-synthetic-v1,42,stable,0.75,4,0.7680555555555555,1
SIM-stable-00125,COURSE_D,20,15,40,30,0,independently_synthetic,independent-synthetic-v1,42,stable,0.75,5,0.7680555555555555,1
SIM-stable-00126,COURSE_A,20,16,40,33,0,independently_synthetic,independent-synthetic-v1,42,stable,0.8,4,0.7354166666666666,2
SIM-stable-00126,COURSE_B,18,12,36,28,1,independently_synthetic,independent-synthetic-v1,42,stable,0.6666666666666666,6,0.7354166666666666,2
SIM-stable-00126,COURSE_C,16,14,32,27,0,independently_synthetic,independent-synthetic-v1,42,stable,0.875,2,0.7354166666666666,2
SIM-stable-00126,COURSE_D,20,12,40,27,1,independently_synthetic,independent-synthetic-v1,42,stable,0.6,8,0.7354166666666666,2
SIM-stable-00127,COURSE_A,20,17,40,24,1,independently_synthetic,independent-synthetic-v1,42,stable,0.85,3,0.578125,3
SIM-stable-00127,COURSE_B,18,9,36,19,1,independently_synthetic,independent-synthetic-v1,42,stable,0.5,9,0.578125,3
SIM-stable-00127,COURSE_C,16,9,32,17,1,independently_synthetic,independent-synthetic-v1,42,stable,0.5625,7,0.578125,3
SIM-stable-00127,COURSE_D,20,8,40,20,1,independently_synthetic,independent-synthetic-v1,42,stable,0.4,12,0.578125,3
SIM-stable-00128,COURSE_A,20,12,40,27,1,independently_synthetic,independent-synthetic-v1,42,stable,0.6,8,0.6989583333333333,2
SIM-stable-00128,COURSE_B,18,15,36,27,0,independently_synthetic,independent-synthetic-v1,42,stable,0.8333333333333334,3,0.6989583333333333,2
SIM-stable-00128,COURSE_C,16,13,32,26,0,independently_synthetic,independent-synthetic-v1,42,stable,0.8125,3,0.6989583333333333,2
SIM-stable-00128,COURSE_D,20,11,40,22,1,independently_synthetic,independent-synthetic-v1,42,stable,0.55,9,0.6989583333333333,2
SIM-stable-00129,COURSE_A,20,18,40,37,0,independently_synthetic,independent-synthetic-v1,42,stable,0.9,2,0.8010416666666667,2
SIM-stable-00129,COURSE_B,18,12,36,22,1,independently_synthetic,independent-synthetic-v1,42,stable,0.6666666666666666,6,0.8010416666666667,2
SIM-stable-00129,COURSE_C,16,15,32,29,0,independently_synthetic,independent-synthetic-v1,42,stable,0.9375,1,0.8010416666666667,2
SIM-stable-00129,COURSE_D,20,14,40,29,1,independently_synthetic,independent-synthetic-v1,42,stable,0.7,6,0.8010416666666667,2
SIM-stable-00130,COURSE_A,20,18,40,32,0,independently_synthetic,independent-synthetic-v1,42,stable,0.9,2,0.8069444444444445,0
SIM-stable-00130,COURSE_B,18,14,36,31,0,independently_synthetic,independent-synthetic-v1,42,stable,0.7777777777777778,4,0.8069444444444445,0
SIM-stable-00130,COURSE_C,16,12,32,29,0,independently_synthetic,independent-synthetic-v1,42,stable,0.75,4,0.8069444444444445,0
SIM-stable-00130,COURSE_D,20,16,40,30,0,independently_synthetic,independent-synthetic-v1,42,stable,0.8,4,0.8069444444444445,0
SIM-stable-00131,COURSE_A,20,19,40,34,0,independently_synthetic,independent-synthetic-v1,42,stable,0.95,1,0.8104166666666667,1
SIM-stable-00131,COURSE_B,18,12,36,25,1,independently_synthetic,independent-synthetic-v1,42,stable,0.6666666666666666,6,0.8104166666666667,1
SIM-stable-00131,COURSE_C,16,14,32,25,0,independently_synthetic,independent-synthetic-v1,42,stable,0.875,2,0.8104166666666667,1
SIM-stable-00131,COURSE_D,20,15,40,24,1,independently_synthetic,independent-synthetic-v1,42,stable,0.75,5,0.8104166666666667,1
SIM-stable-00132,COURSE_A,20,11,40,25,1,independently_synthetic,independent-synthetic-v1,42,stable,0.55,9,0.6631944444444444,2
SIM-stable-00132,COURSE_B,18,14,36,25,1,independently_synthetic,independent-synthetic-v1,42,stable,0.7777777777777778,4,0.6631944444444444,2
SIM-stable-00132,COURSE_C,16,14,32,27,0,independently_synthetic,independent-synthetic-v1,42,stable,0.875,2,0.6631944444444444,2
SIM-stable-00132,COURSE_D,20,9,40,24,1,independently_synthetic,independent-synthetic-v1,42,stable,0.45,11,0.6631944444444444,2
SIM-stable-00133,COURSE_A,20,14,40,28,1,independently_synthetic,independent-synthetic-v1,42,stable,0.7,6,0.7416666666666667,2
SIM-stable-00133,COURSE_B,18,12,36,28,1,independently_synthetic,independent-synthetic-v1,42,stable,0.6666666666666666,6,0.7416666666666667,2
SIM-stable-00133,COURSE_C,16,12,32,28,0,independently_synthetic,independent-synthetic-v1,42,stable,0.75,4,0.7416666666666667,2
SIM-stable-00133,COURSE_D,20,17,40,23,1,independently_synthetic,independent-synthetic-v1,42,stable,0.85,3,0.7416666666666667,2
SIM-stable-00134,COURSE_A,20,17,40,34,0,independently_synthetic,independent-synthetic-v1,42,stable,0.85,3,0.7114583333333333,2
SIM-stable-00134,COURSE_B,18,15,36,27,0,independently_synthetic,independent-synthetic-v1,42,stable,0.8333333333333334,3,0.7114583333333333,2
SIM-stable-00134,COURSE_C,16,9,32,29,0,independently_synthetic,independent-synthetic-v1,42,stable,0.5625,7,0.7114583333333333,2
SIM-stable-00134,COURSE_D,20,12,40,27,1,independently_synthetic,independent-synthetic-v1,42,stable,0.6,8,0.7114583333333333,2
SIM-stable-00135,COURSE_A,20,14,40,32,0,independently_synthetic,independent-synthetic-v1,42,stable,0.7,6,0.7510416666666666,3
SIM-stable-00135,COURSE_B,18,12,36,26,1,independently_synthetic,independent-synthetic-v1,42,stable,0.6666666666666666,6,0.7510416666666666,3
SIM-stable-00135,COURSE_C,16,15,32,30,0,independently_synthetic,independent-synthetic-v1,42,stable,0.9375,1,0.7510416666666666,3
SIM-stable-00135,COURSE_D,20,14,40,29,1,independently_synthetic,independent-synthetic-v1,42,stable,0.7,6,0.7510416666666666,3
SIM-stable-00136,COURSE_A,20,19,40,37,0,independently_synthetic,independent-synthetic-v1,42,stable,0.95,1,0.9236111111111112,0
SIM-stable-00136,COURSE_B,18,17,36,27,0,independently_synthetic,independent-synthetic-v1,42,stable,0.9444444444444444,1,0.9236111111111112,0
SIM-stable-00136,COURSE_C,16,16,32,30,0,independently_synthetic,independent-synthetic-v1,42,stable,1.0,0,0.9236111111111112,0
SIM-stable-00136,COURSE_D,20,16,40,30,0,independently_synthetic,independent-synthetic-v1,42,stable,0.8,4,0.9236111111111112,0
SIM-stable-00137,COURSE_A,20,18,40,36,0,independently_synthetic,independent-synthetic-v1,42,stable,0.9,2,0.8534722222222222,0
SIM-stable-00137,COURSE_B,18,16,36,26,0,independently_synthetic,independent-synthetic-v1,42,stable,0.8888888888888888,2,0.8534722222222222,0
SIM-stable-00137,COURSE_C,16,14,32,31,0,independently_synthetic,independent-synthetic-v1,42,stable,0.875,2,0.8534722222222222,0
SIM-stable-00137,COURSE_D,20,15,40,32,0,independently_synthetic,independent-synthetic-v1,42,stable,0.75,5,0.8534722222222222,0
SIM-stable-00138,COURSE_A,20,15,40,35,0,independently_synthetic,independent-synthetic-v1,42,stable,0.75,5,0.7881944444444444,0
SIM-stable-00138,COURSE_B,18,14,36,26,1,independently_synthetic,independent-synthetic-v1,42,stable,0.7777777777777778,4,0.7881944444444444,0
SIM-stable-00138,COURSE_C,16,14,32,27,0,independently_synthetic,independent-synthetic-v1,42,stable,0.875,2,0.7881944444444444,0
SIM-stable-00138,COURSE_D,20,15,40,30,0,independently_synthetic,independent-synthetic-v1,42,stable,0.75,5,0.7881944444444444,0
SIM-stable-00139,COURSE_A,20,18,40,31,0,independently_synthetic,independent-synthetic-v1,42,stable,0.9,2,0.6395833333333334,3
SIM-stable-00139,COURSE_B,18,6,36,18,1,independently_synthetic,independent-synthetic-v1,42,stable,0.3333333333333333,12,0.6395833333333334,3
SIM-stable-00139,COURSE_C,16,10,32,27,0,independently_synthetic,independent-synthetic-v1,42,stable,0.625,6,0.6395833333333334,3
SIM-stable-00139,COURSE_D,20,14,40,28,1,independently_synthetic,independent-synthetic-v1,42,stable,0.7,6,0.6395833333333334,3
SIM-stable-00140,COURSE_A,20,15,40,31,0,independently_synthetic,independent-synthetic-v1,42,stable,0.75,5,0.7510416666666666,2
SIM-stable-00140,COURSE_B,18,12,36,28,1,independently_synthetic,independent-synthetic-v1,42,stable,0.6666666666666666,6,0.7510416666666666,2
SIM-stable-00140,COURSE_C,16,15,32,26,0,independently_synthetic,independent-synthetic-v1,42,stable,0.9375,1,0.7510416666666666,2
SIM-stable-00140,COURSE_D,20,13,40,29,1,independently_synthetic,independent-synthetic-v1,42,stable,0.65,7,0.7510416666666666,2
SIM-stable-00141,COURSE_A,20,12,40,29,1,independently_synthetic,independent-synthetic-v1,42,stable,0.6,8,0.6809027777777777,3
SIM-stable-00141,COURSE_B,18,11,36,18,1,independently_synthetic,independent-synthetic-v1,42,stable,0.6111111111111112,7,0.6809027777777777,3
SIM-stable-00141,COURSE_C,16,13,32,26,0,independently_synthetic,independent-synthetic-v1,42,stable,0.8125,3,0.6809027777777777,3
SIM-stable-00141,COURSE_D,20,14,40,20,1,independently_synthetic,independent-synthetic-v1,42,stable,0.7,6,0.6809027777777777,3
SIM-stable-00142,COURSE_A,20,18,40,34,0,independently_synthetic,independent-synthetic-v1,42,stable,0.9,2,0.8440972222222223,1
SIM-stable-00142,COURSE_B,18,16,36,30,0,independently_synthetic,independent-synthetic-v1,42,stable,0.8888888888888888,2,0.8440972222222223,1
SIM-stable-00142,COURSE_C,16,15,32,29,0,independently_synthetic,independent-synthetic-v1,42,stable,0.9375,1,0.8440972222222223,1
SIM-stable-00142,COURSE_D,20,13,40,30,1,independently_synthetic,independent-synthetic-v1,42,stable,0.65,7,0.8440972222222223,1
SIM-stable-00143,COURSE_A,20,18,40,34,0,independently_synthetic,independent-synthetic-v1,42,stable,0.9,2,0.8520833333333333,0
SIM-stable-00143,COURSE_B,18,15,36,28,0,independently_synthetic,independent-synthetic-v1,42,stable,0.8333333333333334,3,0.8520833333333333,0
SIM-stable-00143,COURSE_C,16,14,32,30,0,independently_synthetic,independent-synthetic-v1,42,stable,0.875,2,0.8520833333333333,0
SIM-stable-00143,COURSE_D,20,16,40,31,0,independently_synthetic,independent-synthetic-v1,42,stable,0.8,4,0.8520833333333333,0
SIM-stable-00144,COURSE_A,20,14,40,22,1,independently_synthetic,independent-synthetic-v1,42,stable,0.7,6,0.7131944444444445,2
SIM-stable-00144,COURSE_B,18,14,36,21,1,independently_synthetic,independent-synthetic-v1,42,stable,0.7777777777777778,4,0.7131944444444445,2
SIM-stable-00144,COURSE_C,16,10,32,24,1,independently_synthetic,independent-synthetic-v1,42,stable,0.625,6,0.7131944444444445,2
SIM-stable-00144,COURSE_D,20,15,40,23,1,independently_synthetic,independent-synthetic-v1,42,stable,0.75,5,0.7131944444444445,2
SIM-stable-00145,COURSE_A,20,18,40,33,0,independently_synthetic,independent-synthetic-v1,42,stable,0.9,2,0.7475694444444445,1
SIM-stable-00145,COURSE_B,18,14,36,30,0,independently_synthetic,independent-synthetic-v1,42,stable,0.7777777777777778,4,0.7475694444444445,1
SIM-stable-00145,COURSE_C,16,13,32,32,0,independently_synthetic,independent-synthetic-v1,42,stable,0.8125,3,0.7475694444444445,1
SIM-stable-00145,COURSE_D,20,10,40,26,1,independently_synthetic,independent-synthetic-v1,42,stable,0.5,10,0.7475694444444445,1
SIM-stable-00146,COURSE_A,20,17,40,33,0,independently_synthetic,independent-synthetic-v1,42,stable,0.85,3,0.771875,1
SIM-stable-00146,COURSE_B,18,9,36,25,1,independently_synthetic,independent-synthetic-v1,42,stable,0.5,9,0.771875,1
SIM-stable-00146,COURSE_C,16,15,32,30,0,independently_synthetic,independent-synthetic-v1,42,stable,0.9375,1,0.771875,1
SIM-stable-00146,COURSE_D,20,16,40,26,1,independently_synthetic,independent-synthetic-v1,42,stable,0.8,4,0.771875,1
SIM-stable-00147,COURSE_A,20,16,40,30,0,independently_synthetic,independent-synthetic-v1,42,stable,0.8,4,0.7357638888888889,2
SIM-stable-00147,COURSE_B,18,10,36,20,1,independently_synthetic,independent-synthetic-v1,42,stable,0.5555555555555556,8,0.7357638888888889,2
SIM-stable-00147,COURSE_C,16,15,32,27,0,independently_synthetic,independent-synthetic-v1,42,stable,0.9375,1,0.7357638888888889,2
SIM-stable-00147,COURSE_D,20,13,40,29,1,independently_synthetic,independent-synthetic-v1,42,stable,0.65,7,0.7357638888888889,2
SIM-stable-00148,COURSE_A,20,14,40,30,1,independently_synthetic,independent-synthetic-v1,42,stable,0.7,6,0.7361111111111112,2
SIM-stable-00148,COURSE_B,18,8,36,25,1,independently_synthetic,independent-synthetic-v1,42,stable,0.4444444444444444,10,0.7361111111111112,2
SIM-stable-00148,COURSE_C,16,16,32,24,0,independently_synthetic,independent-synthetic-v1,42,stable,1.0,0,0.7361111111111112,2
SIM-stable-00148,COURSE_D,20,16,40,21,1,independently_synthetic,independent-synthetic-v1,42,stable,0.8,4,0.7361111111111112,2
SIM-stable-00149,COURSE_A,20,12,40,31,1,independently_synthetic,independent-synthetic-v1,42,stable,0.6,8,0.6121527777777778,4
SIM-stable-00149,COURSE_B,18,11,36,25,1,independently_synthetic,independent-synthetic-v1,42,stable,0.6111111111111112,7,0.6121527777777778,4
SIM-stable-00149,COURSE_C,16,11,32,21,1,independently_synthetic,independent-synthetic-v1,42,stable,0.6875,5,0.6121527777777778,4
SIM-stable-00149,COURSE_D,20,11,40,29,1,independently_synthetic,independent-synthetic-v1,42,stable,0.55,9,0.6121527777777778,4
SIM-stable-00150,COURSE_A,20,16,40,31,0,independently_synthetic,independent-synthetic-v1,42,stable,0.8,4,0.7388888888888889,2
SIM-stable-00150,COURSE_B,18,10,36,25,1,independently_synthetic,independent-synthetic-v1,42,stable,0.5555555555555556,8,0.7388888888888889,2
SIM-stable-00150,COURSE_C,16,16,32,32,0,independently_synthetic,independent-synthetic-v1,42,stable,1.0,0,0.7388888888888889,2
SIM-stable-00150,COURSE_D,20,12,40,28,1,independently_synthetic,independent-synthetic-v1,42,stable,0.6,8,0.7388888888888889,2
SIM-stable-00151,COURSE_A,20,16,40,28,1,independently_synthetic,independent-synthetic-v1,42,stable,0.8,4,0.6857638888888888,3
SIM-stable-00151,COURSE_B,18,10,36,16,1,independently_synthetic,independent-synthetic-v1,42,stable,0.5555555555555556,8,0.6857638888888888,3
SIM-stable-00151,COURSE_C,16,11,32,18,1,independently_synthetic,independent-synthetic-v1,42,stable,0.6875,5,0.6857638888888888,3
SIM-stable-00151,COURSE_D,20,14,40,21,1,independently_synthetic,independent-synthetic-v1,42,stable,0.7,6,0.6857638888888888,3
SIM-stable-00152,COURSE_A,20,14,40,25,1,independently_synthetic,independent-synthetic-v1,42,stable,0.7,6,0.6524305555555555,4
SIM-stable-00152,COURSE_B,18,13,36,21,1,independently_synthetic,independent-synthetic-v1,42,stable,0.7222222222222222,5,0.6524305555555555,4
SIM-stable-00152,COURSE_C,16,11,32,26,0,independently_synthetic,independent-synthetic-v1,42,stable,0.6875,5,0.6524305555555555,4
SIM-stable-00152,COURSE_D,20,10,40,26,1,independently_synthetic,independent-synthetic-v1,42,stable,0.5,10,0.6524305555555555,4
SIM-stable-00153,COURSE_A,20,18,40,34,0,independently_synthetic,independent-synthetic-v1,42,stable,0.9,2,0.8534722222222222,0
SIM-stable-00153,COURSE_B,18,16,36,27,0,independently_synthetic,independent-synthetic-v1,42,stable,0.8888888888888888,2,0.8534722222222222,0
SIM-stable-00153,COURSE_C,16,14,32,28,0,independently_synthetic,independent-synthetic-v1,42,stable,0.875,2,0.8534722222222222,0
SIM-stable-00153,COURSE_D,20,15,40,33,0,independently_synthetic,independent-synthetic-v1,42,stable,0.75,5,0.8534722222222222,0
SIM-stable-00154,COURSE_A,20,17,40,37,0,independently_synthetic,independent-synthetic-v1,42,stable,0.85,3,0.8829861111111111,0
SIM-stable-00154,COURSE_B,18,17,36,32,0,independently_synthetic,independent-synthetic-v1,42,stable,0.9444444444444444,1,0.8829861111111111,0
SIM-stable-00154,COURSE_C,16,15,32,32,0,independently_synthetic,independent-synthetic-v1,42,stable,0.9375,1,0.8829861111111111,0
SIM-stable-00154,COURSE_D,20,16,40,37,0,independently_synthetic,independent-synthetic-v1,42,stable,0.8,4,0.8829861111111111,0
SIM-stable-00155,COURSE_A,20,16,40,34,0,independently_synthetic,independent-synthetic-v1,42,stable,0.8,4,0.7465277777777778,2
SIM-stable-00155,COURSE_B,18,11,36,32,0,independently_synthetic,independent-synthetic-v1,42,stable,0.6111111111111112,7,0.7465277777777778,2
SIM-stable-00155,COURSE_C,16,14,32,30,0,independently_synthetic,independent-synthetic-v1,42,stable,0.875,2,0.7465277777777778,2
SIM-stable-00155,COURSE_D,20,14,40,24,1,independently_synthetic,independent-synthetic-v1,42,stable,0.7,6,0.7465277777777778,2
SIM-stable-00156,COURSE_A,20,19,40,38,0,independently_synthetic,independent-synthetic-v1,42,stable,0.95,1,0.9486111111111111,0
SIM-stable-00156,COURSE_B,18,17,36,28,0,independently_synthetic,independent-synthetic-v1,42,stable,0.9444444444444444,1,0.9486111111111111,0
SIM-stable-00156,COURSE_C,16,16,32,31,0,independently_synthetic,independent-synthetic-v1,42,stable,1.0,0,0.9486111111111111,0
SIM-stable-00156,COURSE_D,20,18,40,31,0,independently_synthetic,independent-synthetic-v1,42,stable,0.9,2,0.9486111111111111,0
SIM-stable-00157,COURSE_A,20,14,40,36,0,independently_synthetic,independent-synthetic-v1,42,stable,0.7,6,0.8190972222222221,1
SIM-stable-00157,COURSE_B,18,16,36,28,0,independently_synthetic,independent-synthetic-v1,42,stable,0.8888888888888888,2,0.8190972222222221,1
SIM-stable-00157,COURSE_C,16,15,32,27,0,independently_synthetic,independent-synthetic-v1,42,stable,0.9375,1,0.8190972222222221,1
SIM-stable-00157,COURSE_D,20,15,40,27,1,independently_synthetic,independent-synthetic-v1,42,stable,0.75,5,0.8190972222222221,1
SIM-stable-00158,COURSE_A,20,12,40,29,1,independently_synthetic,independent-synthetic-v1,42,stable,0.6,8,0.6052083333333333,3
SIM-stable-00158,COURSE_B,18,6,36,23,1,independently_synthetic,independent-synthetic-v1,42,stable,0.3333333333333333,12,0.6052083333333333,3
SIM-stable-00158,COURSE_C,16,15,32,25,0,independently_synthetic,independent-synthetic-v1,42,stable,0.9375,1,0.6052083333333333,3
SIM-stable-00158,COURSE_D,20,11,40,27,1,independently_synthetic,independent-synthetic-v1,42,stable,0.55,9,0.6052083333333333,3
SIM-stable-00159,COURSE_A,20,16,40,31,0,independently_synthetic,independent-synthetic-v1,42,stable,0.8,4,0.7149305555555556,3
SIM-stable-00159,COURSE_B,18,13,36,28,0,independently_synthetic,independent-synthetic-v1,42,stable,0.7222222222222222,5,0.7149305555555556,3
SIM-stable-00159,COURSE_C,16,11,32,25,0,independently_synthetic,independent-synthetic-v1,42,stable,0.6875,5,0.7149305555555556,3
SIM-stable-00159,COURSE_D,20,13,40,30,1,independently_synthetic,independent-synthetic-v1,42,stable,0.65,7,0.7149305555555556,3
SIM-stable-00160,COURSE_A,20,17,40,29,0,independently_synthetic,independent-synthetic-v1,42,stable,0.85,3,0.63125,3
SIM-stable-00160,COURSE_B,18,9,36,18,1,independently_synthetic,independent-synthetic-v1,42,stable,0.5,9,0.63125,3
SIM-stable-00160,COURSE_C,16,10,32,20,1,independently_synthetic,independent-synthetic-v1,42,stable,0.625,6,0.63125,3
SIM-stable-00160,COURSE_D,20,11,40,23,1,independently_synthetic,independent-synthetic-v1,42,stable,0.55,9,0.63125,3
SIM-stable-00161,COURSE_A,20,18,40,32,0,independently_synthetic,independent-synthetic-v1,42,stable,0.9,2,0.8371527777777779,1
SIM-stable-00161,COURSE_B,18,11,36,29,1,independently_synthetic,independent-synthetic-v1,42,stable,0.6111111111111112,7,0.8371527777777779,1
SIM-stable-00161,COURSE_C,16,15,32,29,0,independently_synthetic,independent-synthetic-v1,42,stable,0.9375,1,0.8371527777777779,1
SIM-stable-00161,COURSE_D,20,18,40,30,0,independently_synthetic,independent-synthetic-v1,42,stable,0.9,2,0.8371527777777779,1
SIM-stable-00162,COURSE_A,20,15,40,29,1,independently_synthetic,independent-synthetic-v1,42,stable,0.75,5,0.6743055555555555,3
SIM-stable-00162,COURSE_B,18,13,36,26,1,independently_synthetic,independent-synthetic-v1,42,stable,0.7222222222222222,5,0.6743055555555555,3
SIM-stable-00162,COURSE_C,16,10,32,16,1,independently_synthetic,independent-synthetic-v1,42,stable,0.625,6,0.6743055555555555,3
SIM-stable-00162,COURSE_D,20,12,40,24,1,independently_synthetic,independent-synthetic-v1,42,stable,0.6,8,0.6743055555555555,3
SIM-stable-00163,COURSE_A,20,14,40,28,1,independently_synthetic,independent-synthetic-v1,42,stable,0.7,6,0.6368055555555555,3
SIM-stable-00163,COURSE_B,18,13,36,22,1,independently_synthetic,independent-synthetic-v1,42,stable,0.7222222222222222,5,0.6368055555555555,3
SIM-stable-00163,COURSE_C,16,14,32,24,0,independently_synthetic,independent-synthetic-v1,42,stable,0.875,2,0.6368055555555555,3
SIM-stable-00163,COURSE_D,20,5,40,19,1,independently_synthetic,independent-synthetic-v1,42,stable,0.25,15,0.6368055555555555,3
SIM-stable-00164,COURSE_A,20,16,40,23,1,independently_synthetic,independent-synthetic-v1,42,stable,0.8,4,0.6625,2
SIM-stable-00164,COURSE_B,18,9,36,17,1,independently_synthetic,independent-synthetic-v1,42,stable,0.5,9,0.6625,2
SIM-stable-00164,COURSE_C,16,12,32,22,1,independently_synthetic,independent-synthetic-v1,42,stable,0.75,4,0.6625,2
SIM-stable-00164,COURSE_D,20,12,40,25,1,independently_synthetic,independent-synthetic-v1,42,stable,0.6,8,0.6625,2
SIM-stable-00165,COURSE_A,20,15,40,35,0,independently_synthetic,independent-synthetic-v1,42,stable,0.75,5,0.8163194444444445,0
SIM-stable-00165,COURSE_B,18,14,36,29,0,independently_synthetic,independent-synthetic-v1,42,stable,0.7777777777777778,4,0.8163194444444445,0
SIM-stable-00165,COURSE_C,16,15,32,30,0,independently_synthetic,independent-synthetic-v1,42,stable,0.9375,1,0.8163194444444445,0
SIM-stable-00165,COURSE_D,20,16,40,30,0,independently_synthetic,independent-synthetic-v1,42,stable,0.8,4,0.8163194444444445,0
SIM-stable-00166,COURSE_A,20,14,40,33,0,independently_synthetic,independent-synthetic-v1,42,stable,0.7,6,0.7243055555555555,3
SIM-stable-00166,COURSE_B,18,13,36,24,1,independently_synthetic,independent-synthetic-v1,42,stable,0.7222222222222222,5,0.7243055555555555,3
SIM-stable-00166,COURSE_C,16,14,32,25,0,independently_synthetic,independent-synthetic-v1,42,stable,0.875,2,0.7243055555555555,3
SIM-stable-00166,COURSE_D,20,12,40,27,1,independently_synthetic,independent-synthetic-v1,42,stable,0.6,8,0.7243055555555555,3
SIM-stable-00167,COURSE_A,20,18,40,31,0,independently_synthetic,independent-synthetic-v1,42,stable,0.9,2,0.8458333333333333,1
SIM-stable-00167,COURSE_B,18,15,36,24,1,independently_synthetic,independent-synthetic-v1,42,stable,0.8333333333333334,3,0.8458333333333333,1
SIM-stable-00167,COURSE_C,16,16,32,29,0,independently_synthetic,independent-synthetic-v1,42,stable,1.0,0,0.8458333333333333,1
SIM-stable-00167,COURSE_D,20,13,40,30,1,independently_synthetic,independent-synthetic-v1,42,stable,0.65,7,0.8458333333333333,1
SIM-stable-00168,COURSE_A,20,16,40,30,0,independently_synthetic,independent-synthetic-v1,42,stable,0.8,4,0.66875,2
SIM-stable-00168,COURSE_B,18,9,36,22,1,independently_synthetic,independent-synthetic-v1,42,stable,0.5,9,0.66875,2
SIM-stable-00168,COURSE_C,16,14,32,14,1,independently_synthetic,independent-synthetic-v1,42,stable,0.875,2,0.66875,2
SIM-stable-00168,COURSE_D,20,10,40,25,1,independently_synthetic,independent-synthetic-v1,42,stable,0.5,10,0.66875,2
SIM-stable-00169,COURSE_A,20,20,40,34,0,independently_synthetic,independent-synthetic-v1,42,stable,1.0,0,0.8631944444444445,0
SIM-stable-00169,COURSE_B,18,14,36,27,0,independently_synthetic,independent-synthetic-v1,42,stable,0.7777777777777778,4,0.8631944444444445,0
SIM-stable-00169,COURSE_C,16,14,32,29,0,independently_synthetic,independent-synthetic-v1,42,stable,0.875,2,0.8631944444444445,0
SIM-stable-00169,COURSE_D,20,16,40,28,1,independently_synthetic,independent-synthetic-v1,42,stable,0.8,4,0.8631944444444445,0
SIM-stable-00170,COURSE_A,20,17,40,36,0,independently_synthetic,independent-synthetic-v1,42,stable,0.85,3,0.7940972222222222,1
SIM-stable-00170,COURSE_B,18,16,36,24,1,independently_synthetic,independent-synthetic-v1,42,stable,0.8888888888888888,2,0.7940972222222222,1
SIM-stable-00170,COURSE_C,16,11,32,28,0,independently_synthetic,independent-synthetic-v1,42,stable,0.6875,5,0.7940972222222222,1
SIM-stable-00170,COURSE_D,20,15,40,28,1,independently_synthetic,independent-synthetic-v1,42,stable,0.75,5,0.7940972222222222,1
SIM-stable-00171,COURSE_A,20,17,40,34,0,independently_synthetic,independent-synthetic-v1,42,stable,0.85,3,0.8315972222222222,1
SIM-stable-00171,COURSE_B,18,16,36,30,0,independently_synthetic,independent-synthetic-v1,42,stable,0.8888888888888888,2,0.8315972222222222,1
SIM-stable-00171,COURSE_C,16,15,32,30,0,independently_synthetic,independent-synthetic-v1,42,stable,0.9375,1,0.8315972222222222,1
SIM-stable-00171,COURSE_D,20,13,40,29,1,independently_synthetic,independent-synthetic-v1,42,stable,0.65,7,0.8315972222222222,1
SIM-stable-00172,COURSE_A,20,18,40,34,0,independently_synthetic,independent-synthetic-v1,42,stable,0.9,2,0.8486111111111111,0
SIM-stable-00172,COURSE_B,18,17,36,29,0,independently_synthetic,independent-synthetic-v1,42,stable,0.9444444444444444,1,0.8486111111111111,0
SIM-stable-00172,COURSE_C,16,12,32,30,0,independently_synthetic,independent-synthetic-v1,42,stable,0.75,4,0.8486111111111111,0
SIM-stable-00172,COURSE_D,20,16,40,35,0,independently_synthetic,independent-synthetic-v1,42,stable,0.8,4,0.8486111111111111,0
SIM-stable-00173,COURSE_A,20,15,40,29,1,independently_synthetic,independent-synthetic-v1,42,stable,0.75,5,0.7274305555555556,2
SIM-stable-00173,COURSE_B,18,13,36,24,1,independently_synthetic,independent-synthetic-v1,42,stable,0.7222222222222222,5,0.7274305555555556,2
SIM-stable-00173,COURSE_C,16,11,32,30,0,independently_synthetic,independent-synthetic-v1,42,stable,0.6875,5,0.7274305555555556,2
SIM-stable-00173,COURSE_D,20,15,40,24,1,independently_synthetic,independent-synthetic-v1,42,stable,0.75,5,0.7274305555555556,2
SIM-stable-00174,COURSE_A,20,18,40,35,0,independently_synthetic,independent-synthetic-v1,42,stable,0.9,2,0.7753472222222222,1
SIM-stable-00174,COURSE_B,18,16,36,33,0,independently_synthetic,independent-synthetic-v1,42,stable,0.8888888888888888,2,0.7753472222222222,1
SIM-stable-00174,COURSE_C,16,13,32,29,0,independently_synthetic,independent-synthetic-v1,42,stable,0.8125,3,0.7753472222222222,1
SIM-stable-00174,COURSE_D,20,10,40,26,1,independently_synthetic,independent-synthetic-v1,42,stable,0.5,10,0.7753472222222222,1
SIM-stable-00175,COURSE_A,20,16,40,34,0,independently_synthetic,independent-synthetic-v1,42,stable,0.8,4,0.6868055555555556,3
SIM-stable-00175,COURSE_B,18,13,36,27,1,independently_synthetic,independent-synthetic-v1,42,stable,0.7222222222222222,5,0.6868055555555556,3
SIM-stable-00175,COURSE_C,16,10,32,24,1,independently_synthetic,independent-synthetic-v1,42,stable,0.625,6,0.6868055555555556,3
SIM-stable-00175,COURSE_D,20,12,40,25,1,independently_synthetic,independent-synthetic-v1,42,stable,0.6,8,0.6868055555555556,3
SIM-stable-00176,COURSE_A,20,15,40,28,1,independently_synthetic,independent-synthetic-v1,42,stable,0.75,5,0.6770833333333333,1
SIM-stable-00176,COURSE_B,18,6,36,27,1,independently_synthetic,independent-synthetic-v1,42,stable,0.3333333333333333,12,0.6770833333333333,1
SIM-stable-00176,COURSE_C,16,14,32,25,0,independently_synthetic,independent-synthetic-v1,42,stable,0.875,2,0.6770833333333333,1
SIM-stable-00176,COURSE_D,20,15,40,23,1,independently_synthetic,independent-synthetic-v1,42,stable,0.75,5,0.6770833333333333,1
SIM-stable-00177,COURSE_A,20,16,40,30,0,independently_synthetic,independent-synthetic-v1,42,stable,0.8,4,0.6756944444444445,2
SIM-stable-00177,COURSE_B,18,14,36,24,1,independently_synthetic,independent-synthetic-v1,42,stable,0.7777777777777778,4,0.6756944444444445,2
SIM-stable-00177,COURSE_C,16,10,32,20,1,independently_synthetic,independent-synthetic-v1,42,stable,0.625,6,0.6756944444444445,2
SIM-stable-00177,COURSE_D,20,10,40,20,1,independently_synthetic,independent-synthetic-v1,42,stable,0.5,10,0.6756944444444445,2
SIM-stable-00178,COURSE_A,20,19,40,35,0,independently_synthetic,independent-synthetic-v1,42,stable,0.95,1,0.8152777777777778,2
SIM-stable-00178,COURSE_B,18,11,36,28,1,independently_synthetic,independent-synthetic-v1,42,stable,0.6111111111111112,7,0.8152777777777778,2
SIM-stable-00178,COURSE_C,16,16,32,30,0,independently_synthetic,independent-synthetic-v1,42,stable,1.0,0,0.8152777777777778,2
SIM-stable-00178,COURSE_D,20,14,40,31,0,independently_synthetic,independent-synthetic-v1,42,stable,0.7,6,0.8152777777777778,2
SIM-stable-00179,COURSE_A,20,18,40,36,0,independently_synthetic,independent-synthetic-v1,42,stable,0.9,2,0.8704861111111111,1
SIM-stable-00179,COURSE_B,18,17,36,32,0,independently_synthetic,independent-synthetic-v1,42,stable,0.9444444444444444,1,0.8704861111111111,1
SIM-stable-00179,COURSE_C,16,15,32,29,0,independently_synthetic,independent-synthetic-v1,42,stable,0.9375,1,0.8704861111111111,1
SIM-stable-00179,COURSE_D,20,14,40,32,0,independently_synthetic,independent-synthetic-v1,42,stable,0.7,6,0.8704861111111111,1
SIM-stable-00180,COURSE_A,20,19,40,33,0,independently_synthetic,independent-synthetic-v1,42,stable,0.95,1,0.8086805555555555,1
SIM-stable-00180,COURSE_B,18,13,36,23,1,independently_synthetic,independent-synthetic-v1,42,stable,0.7222222222222222,5,0.8086805555555555,1
SIM-stable-00180,COURSE_C,16,13,32,29,0,independently_synthetic,independent-synthetic-v1,42,stable,0.8125,3,0.8086805555555555,1
SIM-stable-00180,COURSE_D,20,15,40,28,1,independently_synthetic,independent-synthetic-v1,42,stable,0.75,5,0.8086805555555555,1
SIM-stable-00181,COURSE_A,20,19,40,37,0,independently_synthetic,independent-synthetic-v1,42,stable,0.95,1,0.8694444444444445,0
SIM-stable-00181,COURSE_B,18,14,36,20,1,independently_synthetic,independent-synthetic-v1,42,stable,0.7777777777777778,4,0.8694444444444445,0
SIM-stable-00181,COURSE_C,16,16,32,30,0,independently_synthetic,independent-synthetic-v1,42,stable,1.0,0,0.8694444444444445,0
SIM-stable-00181,COURSE_D,20,15,40,30,0,independently_synthetic,independent-synthetic-v1,42,stable,0.75,5,0.8694444444444445,0
SIM-stable-00182,COURSE_A,20,14,40,25,1,independently_synthetic,independent-synthetic-v1,42,stable,0.7,6,0.7229166666666667,3
SIM-stable-00182,COURSE_B,18,12,36,31,0,independently_synthetic,independent-synthetic-v1,42,stable,0.6666666666666666,6,0.7229166666666667,3
SIM-stable-00182,COURSE_C,16,14,32,30,0,independently_synthetic,independent-synthetic-v1,42,stable,0.875,2,0.7229166666666667,3
SIM-stable-00182,COURSE_D,20,13,40,19,1,independently_synthetic,independent-synthetic-v1,42,stable,0.65,7,0.7229166666666667,3
SIM-stable-00183,COURSE_A,20,17,40,30,0,independently_synthetic,independent-synthetic-v1,42,stable,0.85,3,0.7541666666666667,1
SIM-stable-00183,COURSE_B,18,12,36,25,1,independently_synthetic,independent-synthetic-v1,42,stable,0.6666666666666666,6,0.7541666666666667,1
SIM-stable-00183,COURSE_C,16,12,32,29,0,independently_synthetic,independent-synthetic-v1,42,stable,0.75,4,0.7541666666666667,1
SIM-stable-00183,COURSE_D,20,15,40,28,1,independently_synthetic,independent-synthetic-v1,42,stable,0.75,5,0.7541666666666667,1
SIM-stable-00184,COURSE_A,20,18,40,40,0,independently_synthetic,independent-synthetic-v1,42,stable,0.9,2,0.9347222222222222,0
SIM-stable-00184,COURSE_B,18,16,36,34,0,independently_synthetic,independent-synthetic-v1,42,stable,0.8888888888888888,2,0.9347222222222222,0
SIM-stable-00184,COURSE_C,16,16,32,32,0,independently_synthetic,independent-synthetic-v1,42,stable,1.0,0,0.9347222222222222,0
SIM-stable-00184,COURSE_D,20,19,40,36,0,independently_synthetic,independent-synthetic-v1,42,stable,0.95,1,0.9347222222222222,0
SIM-stable-00185,COURSE_A,20,15,40,34,0,independently_synthetic,independent-synthetic-v1,42,stable,0.75,5,0.7041666666666666,2
SIM-stable-00185,COURSE_B,18,12,36,26,1,independently_synthetic,independent-synthetic-v1,42,stable,0.6666666666666666,6,0.7041666666666666,2
SIM-stable-00185,COURSE_C,16,12,32,26,0,independently_synthetic,independent-synthetic-v1,42,stable,0.75,4,0.7041666666666666,2
SIM-stable-00185,COURSE_D,20,13,40,22,1,independently_synthetic,independent-synthetic-v1,42,stable,0.65,7,0.7041666666666666,2
SIM-stable-00186,COURSE_A,20,13,40,27,1,independently_synthetic,independent-synthetic-v1,42,stable,0.65,7,0.6052083333333333,3
SIM-stable-00186,COURSE_B,18,6,36,27,1,independently_synthetic,independent-synthetic-v1,42,stable,0.3333333333333333,12,0.6052083333333333,3
SIM-stable-00186,COURSE_C,16,11,32,23,1,independently_synthetic,independent-synthetic-v1,42,stable,0.6875,5,0.6052083333333333,3
SIM-stable-00186,COURSE_D,20,15,40,24,1,independently_synthetic,independent-synthetic-v1,42,stable,0.75,5,0.6052083333333333,3
SIM-stable-00187,COURSE_A,20,15,40,30,0,independently_synthetic,independent-synthetic-v1,42,stable,0.75,5,0.7059027777777778,2
SIM-stable-00187,COURSE_B,18,11,36,24,1,independently_synthetic,independent-synthetic-v1,42,stable,0.6111111111111112,7,0.7059027777777778,2
SIM-stable-00187,COURSE_C,16,13,32,29,0,independently_synthetic,independent-synthetic-v1,42,stable,0.8125,3,0.7059027777777778,2
SIM-stable-00187,COURSE_D,20,13,40,22,1,independently_synthetic,independent-synthetic-v1,42,stable,0.65,7,0.7059027777777778,2
SIM-stable-00188,COURSE_A,20,14,40,31,0,independently_synthetic,independent-synthetic-v1,42,stable,0.7,6,0.615625,3
SIM-stable-00188,COURSE_B,18,9,36,21,1,independently_synthetic,independent-synthetic-v1,42,stable,0.5,9,0.615625,3
SIM-stable-00188,COURSE_C,16,13,32,25,0,independently_synthetic,independent-synthetic-v1,42,stable,0.8125,3,0.615625,3
SIM-stable-00188,COURSE_D,20,9,40,21,1,independently_synthetic,independent-synthetic-v1,42,stable,0.45,11,0.615625,3
SIM-stable-00189,COURSE_A,20,19,40,38,0,independently_synthetic,independent-synthetic-v1,42,stable,0.95,1,0.8958333333333333,0
SIM-stable-00189,COURSE_B,18,15,36,34,0,independently_synthetic,independent-synthetic-v1,42,stable,0.8333333333333334,3,0.8958333333333333,0
SIM-stable-00189,COURSE_C,16,16,32,32,0,independently_synthetic,independent-synthetic-v1,42,stable,1.0,0,0.8958333333333333,0
SIM-stable-00189,COURSE_D,20,16,40,28,1,independently_synthetic,independent-synthetic-v1,42,stable,0.8,4,0.8958333333333333,0
SIM-stable-00190,COURSE_A,20,14,40,32,0,independently_synthetic,independent-synthetic-v1,42,stable,0.7,6,0.728125,2
SIM-stable-00190,COURSE_B,18,9,36,23,1,independently_synthetic,independent-synthetic-v1,42,stable,0.5,9,0.728125,2
SIM-stable-00190,COURSE_C,16,13,32,21,1,independently_synthetic,independent-synthetic-v1,42,stable,0.8125,3,0.728125,2
SIM-stable-00190,COURSE_D,20,18,40,28,0,independently_synthetic,independent-synthetic-v1,42,stable,0.9,2,0.728125,2
SIM-stable-00191,COURSE_A,20,19,40,39,0,independently_synthetic,independent-synthetic-v1,42,stable,0.95,1,0.8385416666666666,1
SIM-stable-00191,COURSE_B,18,12,36,29,0,independently_synthetic,independent-synthetic-v1,42,stable,0.6666666666666666,6,0.8385416666666666,1
SIM-stable-00191,COURSE_C,16,15,32,30,0,independently_synthetic,independent-synthetic-v1,42,stable,0.9375,1,0.8385416666666666,1
SIM-stable-00191,COURSE_D,20,16,40,28,1,independently_synthetic,independent-synthetic-v1,42,stable,0.8,4,0.8385416666666666,1
SIM-stable-00192,COURSE_A,20,15,40,27,1,independently_synthetic,independent-synthetic-v1,42,stable,0.75,5,0.6416666666666666,2
SIM-stable-00192,COURSE_B,18,12,36,20,1,independently_synthetic,independent-synthetic-v1,42,stable,0.6666666666666666,6,0.6416666666666666,2
SIM-stable-00192,COURSE_C,16,12,32,22,1,independently_synthetic,independent-synthetic-v1,42,stable,0.75,4,0.6416666666666666,2
SIM-stable-00192,COURSE_D,20,8,40,18,1,independently_synthetic,independent-synthetic-v1,42,stable,0.4,12,0.6416666666666666,2
SIM-stable-00193,COURSE_A,20,14,40,28,1,independently_synthetic,independent-synthetic-v1,42,stable,0.7,6,0.7034722222222222,3
SIM-stable-00193,COURSE_B,18,16,36,20,1,independently_synthetic,independent-synthetic-v1,42,stable,0.8888888888888888,2,0.7034722222222222,3
SIM-stable-00193,COURSE_C,16,10,32,24,1,independently_synthetic,independent-synthetic-v1,42,stable,0.625,6,0.7034722222222222,3
SIM-stable-00193,COURSE_D,20,12,40,24,1,independently_synthetic,independent-synthetic-v1,42,stable,0.6,8,0.7034722222222222,3
SIM-stable-00194,COURSE_A,20,20,40,38,0,independently_synthetic,independent-synthetic-v1,42,stable,1.0,0,0.8652777777777778,1
SIM-stable-00194,COURSE_B,18,11,36,31,0,independently_synthetic,independent-synthetic-v1,42,stable,0.6111111111111112,7,0.8652777777777778,1
SIM-stable-00194,COURSE_C,16,16,32,31,0,independently_synthetic,independent-synthetic-v1,42,stable,1.0,0,0.8652777777777778,1
SIM-stable-00194,COURSE_D,20,17,40,31,0,independently_synthetic,independent-synthetic-v1,42,stable,0.85,3,0.8652777777777778,1
SIM-stable-00195,COURSE_A,20,19,40,34,0,independently_synthetic,independent-synthetic-v1,42,stable,0.95,1,0.8378472222222222,1
SIM-stable-00195,COURSE_B,18,16,36,25,0,independently_synthetic,independent-synthetic-v1,42,stable,0.8888888888888888,2,0.8378472222222222,1
SIM-stable-00195,COURSE_C,16,13,32,27,0,independently_synthetic,independent-synthetic-v1,42,stable,0.8125,3,0.8378472222222222,1
SIM-stable-00195,COURSE_D,20,14,40,32,0,independently_synthetic,independent-synthetic-v1,42,stable,0.7,6,0.8378472222222222,1
SIM-stable-00196,COURSE_A,20,16,40,40,0,independently_synthetic,independent-synthetic-v1,42,stable,0.8,4,0.8944444444444445,0
SIM-stable-00196,COURSE_B,18,14,36,28,0,independently_synthetic,independent-synthetic-v1,42,stable,0.7777777777777778,4,0.8944444444444445,0
SIM-stable-00196,COURSE_C,16,16,32,31,0,independently_synthetic,independent-synthetic-v1,42,stable,1.0,0,0.8944444444444445,0
SIM-stable-00196,COURSE_D,20,20,40,33,0,independently_synthetic,independent-synthetic-v1,42,stable,1.0,0,0.8944444444444445,0
SIM-stable-00197,COURSE_A,20,17,40,30,0,independently_synthetic,independent-synthetic-v1,42,stable,0.85,3,0.7336805555555556,2
SIM-stable-00197,COURSE_B,18,13,36,26,1,independently_synthetic,independent-synthetic-v1,42,stable,0.7222222222222222,5,0.7336805555555556,2
SIM-stable-00197,COURSE_C,16,13,32,26,0,independently_synthetic,independent-synthetic-v1,42,stable,0.8125,3,0.7336805555555556,2
SIM-stable-00197,COURSE_D,20,11,40,26,1,independently_synthetic,independent-synthetic-v1,42,stable,0.55,9,0.7336805555555556,2
SIM-stable-00198,COURSE_A,20,19,40,34,0,independently_synthetic,independent-synthetic-v1,42,stable,0.95,1,0.8510416666666667,1
SIM-stable-00198,COURSE_B,18,12,36,31,0,independently_synthetic,independent-synthetic-v1,42,stable,0.6666666666666666,6,0.8510416666666667,1
SIM-stable-00198,COURSE_C,16,15,32,28,0,independently_synthetic,independent-synthetic-v1,42,stable,0.9375,1,0.8510416666666667,1
SIM-stable-00198,COURSE_D,20,17,40,29,0,independently_synthetic,independent-synthetic-v1,42,stable,0.85,3,0.8510416666666667,1
SIM-stable-00199,COURSE_A,20,15,40,24,1,independently_synthetic,independent-synthetic-v1,42,stable,0.75,5,0.6232638888888888,3
SIM-stable-00199,COURSE_B,18,10,36,18,1,independently_synthetic,independent-synthetic-v1,42,stable,0.5555555555555556,8,0.6232638888888888,3
SIM-stable-00199,COURSE_C,16,11,32,24,1,independently_synthetic,independent-synthetic-v1,42,stable,0.6875,5,0.6232638888888888,3
SIM-stable-00199,COURSE_D,20,10,40,21,1,independently_synthetic,independent-synthetic-v1,42,stable,0.5,10,0.6232638888888888,3
SIM-stable-00200,COURSE_A,20,19,40,32,0,independently_synthetic,independent-synthetic-v1,42,stable,0.95,1,0.7961805555555556,2
SIM-stable-00200,COURSE_B,18,13,36,24,1,independently_synthetic,independent-synthetic-v1,42,stable,0.7222222222222222,5,0.7961805555555556,2
SIM-stable-00200,COURSE_C,16,13,32,26,0,independently_synthetic,independent-synthetic-v1,42,stable,0.8125,3,0.7961805555555556,2
SIM-stable-00200,COURSE_D,20,14,40,25,1,independently_synthetic,independent-synthetic-v1,42,stable,0.7,6,0.7961805555555556,2
SIM-stable-00201,COURSE_A,20,17,40,33,0,independently_synthetic,independent-synthetic-v1,42,stable,0.85,3,0.7697916666666667,1
SIM-stable-00201,COURSE_B,18,12,36,30,0,independently_synthetic,independent-synthetic-v1,42,stable,0.6666666666666666,6,0.7697916666666667,1
SIM-stable-00201,COURSE_C,16,13,32,28,0,independently_synthetic,independent-synthetic-v1,42,stable,0.8125,3,0.7697916666666667,1
SIM-stable-00201,COURSE_D,20,15,40,24,1,independently_synthetic,independent-synthetic-v1,42,stable,0.75,5,0.7697916666666667,1
SIM-stable-00202,COURSE_A,20,18,40,35,0,independently_synthetic,independent-synthetic-v1,42,stable,0.9,2,0.8798611111111111,0
SIM-stable-00202,COURSE_B,18,17,36,33,0,independently_synthetic,independent-synthetic-v1,42,stable,0.9444444444444444,1,0.8798611111111111,0
SIM-stable-00202,COURSE_C,16,14,32,25,0,independently_synthetic,independent-synthetic-v1,42,stable,0.875,2,0.8798611111111111,0
SIM-stable-00202,COURSE_D,20,16,40,35,0,independently_synthetic,independent-synthetic-v1,42,stable,0.8,4,0.8798611111111111,0
SIM-stable-00203,COURSE_A,20,17,40,34,0,independently_synthetic,independent-synthetic-v1,42,stable,0.85,3,0.7524305555555555,2
SIM-stable-00203,COURSE_B,18,13,36,24,1,independently_synthetic,independent-synthetic-v1,42,stable,0.7222222222222222,5,0.7524305555555555,2
SIM-stable-00203,COURSE_C,16,15,32,25,0,independently_synthetic,independent-synthetic-v1,42,stable,0.9375,1,0.7524305555555555,2
SIM-stable-00203,COURSE_D,20,10,40,23,1,independently_synthetic,independent-synthetic-v1,42,stable,0.5,10,0.7524305555555555,2
SIM-stable-00204,COURSE_A,20,13,40,27,1,independently_synthetic,independent-synthetic-v1,42,stable,0.65,7,0.6635416666666667,4
SIM-stable-00204,COURSE_B,18,12,36,25,1,independently_synthetic,independent-synthetic-v1,42,stable,0.6666666666666666,6,0.6635416666666667,4
SIM-stable-00204,COURSE_C,16,11,32,23,1,independently_synthetic,independent-synthetic-v1,42,stable,0.6875,5,0.6635416666666667,4
SIM-stable-00204,COURSE_D,20,13,40,28,1,independently_synthetic,independent-synthetic-v1,42,stable,0.65,7,0.6635416666666667,4
SIM-stable-00205,COURSE_A,20,19,40,40,0,independently_synthetic,independent-synthetic-v1,42,stable,0.95,1,0.7947916666666667,1
SIM-stable-00205,COURSE_B,18,12,36,31,0,independently_synthetic,independent-synthetic-v1,42,stable,0.6666666666666666,6,0.7947916666666667,1
SIM-stable-00205,COURSE_C,16,13,32,29,0,independently_synthetic,independent-synthetic-v1,42,stable,0.8125,3,0.7947916666666667,1
SIM-stable-00205,COURSE_D,20,15,40,37,0,independently_synthetic,independent-synthetic-v1,42,stable,0.75,5,0.7947916666666667,1
SIM-stable-00206,COURSE_A,20,16,40,33,0,independently_synthetic,independent-synthetic-v1,42,stable,0.8,4,0.7059027777777778,2
SIM-stable-00206,COURSE_B,18,11,36,24,1,independently_synthetic,independent-synthetic-v1,42,stable,0.6111111111111112,7,0.7059027777777778,2
SIM-stable-00206,COURSE_C,16,13,32,30,0,independently_synthetic,independent-synthetic-v1,42,stable,0.8125,3,0.7059027777777778,2
SIM-stable-00206,COURSE_D,20,12,40,20,1,independently_synthetic,independent-synthetic-v1,42,stable,0.6,8,0.7059027777777778,2
SIM-stable-00207,COURSE_A,20,10,40,27,1,independently_synthetic,independent-synthetic-v1,42,stable,0.5,10,0.5333333333333333,3
SIM-stable-00207,COURSE_B,18,6,36,29,1,independently_synthetic,independent-synthetic-v1,42,stable,0.3333333333333333,12,0.5333333333333333,3
SIM-stable-00207,COURSE_C,16,12,32,21,1,independently_synthetic,independent-synthetic-v1,42,stable,0.75,4,0.5333333333333333,3
SIM-stable-00207,COURSE_D,20,11,40,25,1,independently_synthetic,independent-synthetic-v1,42,stable,0.55,9,0.5333333333333333,3
SIM-stable-00208,COURSE_A,20,16,40,27,1,independently_synthetic,independent-synthetic-v1,42,stable,0.8,4,0.8003472222222222,1
SIM-stable-00208,COURSE_B,18,16,36,23,1,independently_synthetic,independent-synthetic-v1,42,stable,0.8888888888888888,2,0.8003472222222222,1
SIM-stable-00208,COURSE_C,16,13,32,26,0,independently_synthetic,independent-synthetic-v1,42,stable,0.8125,3,0.8003472222222222,1
SIM-stable-00208,COURSE_D,20,14,40,23,1,independently_synthetic,independent-synthetic-v1,42,stable,0.7,6,0.8003472222222222,1
SIM-stable-00209,COURSE_A,20,20,40,37,0,independently_synthetic,independent-synthetic-v1,42,stable,1.0,0,0.9472222222222222,0
SIM-stable-00209,COURSE_B,18,16,36,33,0,independently_synthetic,independent-synthetic-v1,42,stable,0.8888888888888888,2,0.9472222222222222,0
SIM-stable-00209,COURSE_C,16,16,32,31,0,independently_synthetic,independent-synthetic-v1,42,stable,1.0,0,0.9472222222222222,0
SIM-stable-00209,COURSE_D,20,18,40,31,0,independently_synthetic,independent-synthetic-v1,42,stable,0.9,2,0.9472222222222222,0
SIM-stable-00210,COURSE_A,20,15,40,20,1,independently_synthetic,independent-synthetic-v1,42,stable,0.75,5,0.5736111111111111,2
SIM-stable-00210,COURSE_B,18,8,36,18,1,independently_synthetic,independent-synthetic-v1,42,stable,0.4444444444444444,10,0.5736111111111111,2
SIM-stable-00210,COURSE_C,16,12,32,22,1,independently_synthetic,independent-synthetic-v1,42,stable,0.75,4,0.5736111111111111,2
SIM-stable-00210,COURSE_D,20,7,40,18,1,independently_synthetic,independent-synthetic-v1,42,stable,0.35,13,0.5736111111111111,2
SIM-stable-00211,COURSE_A,20,19,40,36,0,independently_synthetic,independent-synthetic-v1,42,stable,0.95,1,0.7795138888888888,1
SIM-stable-00211,COURSE_B,18,10,36,31,0,independently_synthetic,independent-synthetic-v1,42,stable,0.5555555555555556,8,0.7795138888888888,1
SIM-stable-00211,COURSE_C,16,13,32,32,0,independently_synthetic,independent-synthetic-v1,42,stable,0.8125,3,0.7795138888888888,1
SIM-stable-00211,COURSE_D,20,16,40,29,0,independently_synthetic,independent-synthetic-v1,42,stable,0.8,4,0.7795138888888888,1
SIM-stable-00212,COURSE_A,20,18,40,35,0,independently_synthetic,independent-synthetic-v1,42,stable,0.9,2,0.6902777777777778,2
SIM-stable-00212,COURSE_B,18,11,36,25,1,independently_synthetic,independent-synthetic-v1,42,stable,0.6111111111111112,7,0.6902777777777778,2
SIM-stable-00212,COURSE_C,16,12,32,24,0,independently_synthetic,independent-synthetic-v1,42,stable,0.75,4,0.6902777777777778,2
SIM-stable-00212,COURSE_D,20,10,40,28,1,independently_synthetic,independent-synthetic-v1,42,stable,0.5,10,0.6902777777777778,2
SIM-stable-00213,COURSE_A,20,17,40,30,0,independently_synthetic,independent-synthetic-v1,42,stable,0.85,3,0.9361111111111111,0
SIM-stable-00213,COURSE_B,18,17,36,34,0,independently_synthetic,independent-synthetic-v1,42,stable,0.9444444444444444,1,0.9361111111111111,0
SIM-stable-00213,COURSE_C,16,16,32,31,0,independently_synthetic,independent-synthetic-v1,42,stable,1.0,0,0.9361111111111111,0
SIM-stable-00213,COURSE_D,20,19,40,40,0,independently_synthetic,independent-synthetic-v1,42,stable,0.95,1,0.9361111111111111,0
SIM-stable-00214,COURSE_A,20,17,40,34,0,independently_synthetic,independent-synthetic-v1,42,stable,0.85,3,0.8628472222222222,0
SIM-stable-00214,COURSE_B,18,16,36,32,0,independently_synthetic,independent-synthetic-v1,42,stable,0.8888888888888888,2,0.8628472222222222,0
SIM-stable-00214,COURSE_C,16,13,32,28,0,independently_synthetic,independent-synthetic-v1,42,stable,0.8125,3,0.8628472222222222,0
SIM-stable-00214,COURSE_D,20,18,40,30,0,independently_synthetic,independent-synthetic-v1,42,stable,0.9,2,0.8628472222222222,0
SIM-stable-00215,COURSE_A,20,18,40,31,0,independently_synthetic,independent-synthetic-v1,42,stable,0.9,2,0.7618055555555556,2
SIM-stable-00215,COURSE_B,18,13,36,31,0,independently_synthetic,independent-synthetic-v1,42,stable,0.7222222222222222,5,0.7618055555555556,2
SIM-stable-00215,COURSE_C,16,10,32,25,1,independently_synthetic,independent-synthetic-v1,42,stable,0.625,6,0.7618055555555556,2
SIM-stable-00215,COURSE_D,20,16,40,27,1,independently_synthetic,independent-synthetic-v1,42,stable,0.8,4,0.7618055555555556,2
SIM-stable-00216,COURSE_A,20,15,40,30,0,independently_synthetic,independent-synthetic-v1,42,stable,0.75,5,0.6263888888888889,2
SIM-stable-00216,COURSE_B,18,10,36,21,1,independently_synthetic,independent-synthetic-v1,42,stable,0.5555555555555556,8,0.6263888888888889,2
SIM-stable-00216,COURSE_C,16,12,32,23,1,independently_synthetic,independent-synthetic-v1,42,stable,0.75,4,0.6263888888888889,2
SIM-stable-00216,COURSE_D,20,9,40,23,1,independently_synthetic,independent-synthetic-v1,42,stable,0.45,11,0.6263888888888889,2
SIM-stable-00217,COURSE_A,20,17,40,31,0,independently_synthetic,independent-synthetic-v1,42,stable,0.85,3,0.7864583333333334,1
SIM-stable-00217,COURSE_B,18,15,36,23,1,independently_synthetic,independent-synthetic-v1,42,stable,0.8333333333333334,3,0.7864583333333334,1
SIM-stable-00217,COURSE_C,16,13,32,25,0,independently_synthetic,independent-synthetic-v1,42,stable,0.8125,3,0.7864583333333334,1
SIM-stable-00217,COURSE_D,20,13,40,21,1,independently_synthetic,independent-synthetic-v1,42,stable,0.65,7,0.7864583333333334,1
SIM-stable-00218,COURSE_A,20,15,40,27,1,independently_synthetic,independent-synthetic-v1,42,stable,0.75,5,0.7635416666666667,2
SIM-stable-00218,COURSE_B,18,12,36,22,1,independently_synthetic,independent-synthetic-v1,42,stable,0.6666666666666666,6,0.7635416666666667,2
SIM-stable-00218,COURSE_C,16,15,32,27,0,independently_synthetic,independent-synthetic-v1,42,stable,0.9375,1,0.7635416666666667,2
SIM-stable-00218,COURSE_D,20,14,40,26,1,independently_synthetic,independent-synthetic-v1,42,stable,0.7,6,0.7635416666666667,2
SIM-stable-00219,COURSE_A,20,14,40,30,1,independently_synthetic,independent-synthetic-v1,42,stable,0.7,6,0.7836805555555555,2
SIM-stable-00219,COURSE_B,18,13,36,27,1,independently_synthetic,independent-synthetic-v1,42,stable,0.7222222222222222,5,0.7836805555555555,2
SIM-stable-00219,COURSE_C,16,13,32,25,0,independently_synthetic,independent-synthetic-v1,42,stable,0.8125,3,0.7836805555555555,2
SIM-stable-00219,COURSE_D,20,18,40,26,1,independently_synthetic,independent-synthetic-v1,42,stable,0.9,2,0.7836805555555555,2
SIM-stable-00220,COURSE_A,20,15,40,29,1,independently_synthetic,independent-synthetic-v1,42,stable,0.75,5,0.7475694444444445,1
SIM-stable-00220,COURSE_B,18,14,36,14,1,independently_synthetic,independent-synthetic-v1,42,stable,0.7777777777777778,4,0.7475694444444445,1
SIM-stable-00220,COURSE_C,16,13,32,25,0,independently_synthetic,independent-synthetic-v1,42,stable,0.8125,3,0.7475694444444445,1
SIM-stable-00220,COURSE_D,20,13,40,25,1,independently_synthetic,independent-synthetic-v1,42,stable,0.65,7,0.7475694444444445,1
SIM-stable-00221,COURSE_A,20,17,40,39,0,independently_synthetic,independent-synthetic-v1,42,stable,0.85,3,0.8972222222222221,0
SIM-stable-00221,COURSE_B,18,16,36,32,0,independently_synthetic,independent-synthetic-v1,42,stable,0.8888888888888888,2,0.8972222222222221,0
SIM-stable-00221,COURSE_C,16,16,32,28,0,independently_synthetic,independent-synthetic-v1,42,stable,1.0,0,0.8972222222222221,0
SIM-stable-00221,COURSE_D,20,17,40,31,0,independently_synthetic,independent-synthetic-v1,42,stable,0.85,3,0.8972222222222221,0
SIM-stable-00222,COURSE_A,20,18,40,34,0,independently_synthetic,independent-synthetic-v1,42,stable,0.9,2,0.8930555555555555,1
SIM-stable-00222,COURSE_B,18,13,36,25,1,independently_synthetic,independent-synthetic-v1,42,stable,0.7222222222222222,5,0.8930555555555555,1
SIM-stable-00222,COURSE_C,16,16,32,31,0,independently_synthetic,independent-synthetic-v1,42,stable,1.0,0,0.8930555555555555,1
SIM-stable-00222,COURSE_D,20,19,40,30,0,independently_synthetic,independent-synthetic-v1,42,stable,0.95,1,0.8930555555555555,1
SIM-stable-00223,COURSE_A,20,20,40,36,0,independently_synthetic,independent-synthetic-v1,42,stable,1.0,0,0.8788194444444445,0
SIM-stable-00223,COURSE_B,18,14,36,28,0,independently_synthetic,independent-synthetic-v1,42,stable,0.7777777777777778,4,0.8788194444444445,0
SIM-stable-00223,COURSE_C,16,15,32,29,0,independently_synthetic,independent-synthetic-v1,42,stable,0.9375,1,0.8788194444444445,0
SIM-stable-00223,COURSE_D,20,16,40,29,0,independently_synthetic,independent-synthetic-v1,42,stable,0.8,4,0.8788194444444445,0
SIM-stable-00224,COURSE_A,20,17,40,35,0,independently_synthetic,independent-synthetic-v1,42,stable,0.85,3,0.7711805555555555,2
SIM-stable-00224,COURSE_B,18,13,36,30,0,independently_synthetic,independent-synthetic-v1,42,stable,0.7222222222222222,5,0.7711805555555555,2
SIM-stable-00224,COURSE_C,16,13,32,22,1,independently_synthetic,independent-synthetic-v1,42,stable,0.8125,3,0.7711805555555555,2
SIM-stable-00224,COURSE_D,20,14,40,26,1,independently_synthetic,independent-synthetic-v1,42,stable,0.7,6,0.7711805555555555,2
SIM-stable-00225,COURSE_A,20,16,40,34,0,independently_synthetic,independent-synthetic-v1,42,stable,0.8,4,0.8524305555555556,1
SIM-stable-00225,COURSE_B,18,13,36,32,0,independently_synthetic,independent-synthetic-v1,42,stable,0.7222222222222222,5,0.8524305555555556,1
SIM-stable-00225,COURSE_C,16,15,32,30,0,independently_synthetic,independent-synthetic-v1,42,stable,0.9375,1,0.8524305555555556,1
SIM-stable-00225,COURSE_D,20,19,40,33,0,independently_synthetic,independent-synthetic-v1,42,stable,0.95,1,0.8524305555555556,1
SIM-stable-00226,COURSE_A,20,10,40,32,1,independently_synthetic,independent-synthetic-v1,42,stable,0.5,10,0.7131944444444445,2
SIM-stable-00226,COURSE_B,18,14,36,26,1,independently_synthetic,independent-synthetic-v1,42,stable,0.7777777777777778,4,0.7131944444444445,2
SIM-stable-00226,COURSE_C,16,14,32,27,0,independently_synthetic,independent-synthetic-v1,42,stable,0.875,2,0.7131944444444445,2
SIM-stable-00226,COURSE_D,20,14,40,26,1,independently_synthetic,independent-synthetic-v1,42,stable,0.7,6,0.7131944444444445,2
SIM-stable-00227,COURSE_A,20,17,40,32,0,independently_synthetic,independent-synthetic-v1,42,stable,0.85,3,0.7836805555555555,1
SIM-stable-00227,COURSE_B,18,13,36,26,1,independently_synthetic,independent-synthetic-v1,42,stable,0.7222222222222222,5,0.7836805555555555,1
SIM-stable-00227,COURSE_C,16,13,32,29,0,independently_synthetic,independent-synthetic-v1,42,stable,0.8125,3,0.7836805555555555,1
SIM-stable-00227,COURSE_D,20,15,40,35,0,independently_synthetic,independent-synthetic-v1,42,stable,0.75,5,0.7836805555555555,1
SIM-stable-00228,COURSE_A,20,15,40,33,0,independently_synthetic,independent-synthetic-v1,42,stable,0.75,5,0.640625,2
SIM-stable-00228,COURSE_B,18,9,36,18,1,independently_synthetic,independent-synthetic-v1,42,stable,0.5,9,0.640625,2
SIM-stable-00228,COURSE_C,16,13,32,26,0,independently_synthetic,independent-synthetic-v1,42,stable,0.8125,3,0.640625,2
SIM-stable-00228,COURSE_D,20,10,40,24,1,independently_synthetic,independent-synthetic-v1,42,stable,0.5,10,0.640625,2
SIM-stable-00229,COURSE_A,20,18,40,37,0,independently_synthetic,independent-synthetic-v1,42,stable,0.9,2,0.7701388888888889,1
SIM-stable-00229,COURSE_B,18,10,36,27,1,independently_synthetic,independent-synthetic-v1,42,stable,0.5555555555555556,8,0.7701388888888889,1
SIM-stable-00229,COURSE_C,16,14,32,31,0,independently_synthetic,independent-synthetic-v1,42,stable,0.875,2,0.7701388888888889,1
SIM-stable-00229,COURSE_D,20,15,40,34,0,independently_synthetic,independent-synthetic-v1,42,stable,0.75,5,0.7701388888888889,1
SIM-stable-00230,COURSE_A,20,15,40,34,0,independently_synthetic,independent-synthetic-v1,42,stable,0.75,5,0.6982638888888889,2
SIM-stable-00230,COURSE_B,18,10,36,30,1,independently_synthetic,independent-synthetic-v1,42,stable,0.5555555555555556,8,0.6982638888888889,2
SIM-stable-00230,COURSE_C,16,15,32,29,0,independently_synthetic,independent-synthetic-v1,42,stable,0.9375,1,0.6982638888888889,2
SIM-stable-00230,COURSE_D,20,11,40,21,1,independently_synthetic,independent-synthetic-v1,42,stable,0.55,9,0.6982638888888889,2
SIM-stable-00231,COURSE_A,20,18,40,31,0,independently_synthetic,independent-synthetic-v1,42,stable,0.9,2,0.8274305555555556,1
SIM-stable-00231,COURSE_B,18,13,36,23,1,independently_synthetic,independent-synthetic-v1,42,stable,0.7222222222222222,5,0.8274305555555556,1
SIM-stable-00231,COURSE_C,16,15,32,29,0,independently_synthetic,independent-synthetic-v1,42,stable,0.9375,1,0.8274305555555556,1
SIM-stable-00231,COURSE_D,20,15,40,31,0,independently_synthetic,independent-synthetic-v1,42,stable,0.75,5,0.8274305555555556,1
SIM-stable-00232,COURSE_A,20,17,40,35,0,independently_synthetic,independent-synthetic-v1,42,stable,0.85,3,0.7277777777777777,2
SIM-stable-00232,COURSE_B,18,11,36,25,1,independently_synthetic,independent-synthetic-v1,42,stable,0.6111111111111112,7,0.7277777777777777,2
SIM-stable-00232,COURSE_C,16,12,32,23,1,independently_synthetic,independent-synthetic-v1,42,stable,0.75,4,0.7277777777777777,2
SIM-stable-00232,COURSE_D,20,14,40,35,0,independently_synthetic,independent-synthetic-v1,42,stable,0.7,6,0.7277777777777777,2
SIM-stable-00233,COURSE_A,20,16,40,32,0,independently_synthetic,independent-synthetic-v1,42,stable,0.8,4,0.7878472222222223,1
SIM-stable-00233,COURSE_B,18,16,36,30,0,independently_synthetic,independent-synthetic-v1,42,stable,0.8888888888888888,2,0.7878472222222223,1
SIM-stable-00233,COURSE_C,16,13,32,27,0,independently_synthetic,independent-synthetic-v1,42,stable,0.8125,3,0.7878472222222223,1
SIM-stable-00233,COURSE_D,20,13,40,31,1,independently_synthetic,independent-synthetic-v1,42,stable,0.65,7,0.7878472222222223,1
SIM-stable-00234,COURSE_A,20,16,40,27,1,independently_synthetic,independent-synthetic-v1,42,stable,0.8,4,0.8142361111111112,1
SIM-stable-00234,COURSE_B,18,17,36,21,1,independently_synthetic,independent-synthetic-v1,42,stable,0.9444444444444444,1,0.8142361111111112,1
SIM-stable-00234,COURSE_C,16,13,32,25,0,independently_synthetic,independent-synthetic-v1,42,stable,0.8125,3,0.8142361111111112,1
SIM-stable-00234,COURSE_D,20,14,40,24,1,independently_synthetic,independent-synthetic-v1,42,stable,0.7,6,0.8142361111111112,1
SIM-stable-00235,COURSE_A,20,19,40,37,0,independently_synthetic,independent-synthetic-v1,42,stable,0.95,1,0.8430555555555554,2
SIM-stable-00235,COURSE_B,18,13,36,27,1,independently_synthetic,independent-synthetic-v1,42,stable,0.7222222222222222,5,0.8430555555555554,2
SIM-stable-00235,COURSE_C,16,16,32,32,0,independently_synthetic,independent-synthetic-v1,42,stable,1.0,0,0.8430555555555554,2
SIM-stable-00235,COURSE_D,20,14,40,30,1,independently_synthetic,independent-synthetic-v1,42,stable,0.7,6,0.8430555555555554,2
SIM-stable-00236,COURSE_A,20,9,40,27,1,independently_synthetic,independent-synthetic-v1,42,stable,0.45,11,0.6020833333333333,3
SIM-stable-00236,COURSE_B,18,15,36,26,0,independently_synthetic,independent-synthetic-v1,42,stable,0.8333333333333334,3,0.6020833333333333,3
SIM-stable-00236,COURSE_C,16,10,32,28,0,independently_synthetic,independent-synthetic-v1,42,stable,0.625,6,0.6020833333333333,3
SIM-stable-00236,COURSE_D,20,10,40,23,1,independently_synthetic,independent-synthetic-v1,42,stable,0.5,10,0.6020833333333333,3
SIM-stable-00237,COURSE_A,20,15,40,34,0,independently_synthetic,independent-synthetic-v1,42,stable,0.75,5,0.7989583333333333,0
SIM-stable-00237,COURSE_B,18,15,36,30,0,independently_synthetic,independent-synthetic-v1,42,stable,0.8333333333333334,3,0.7989583333333333,0
SIM-stable-00237,COURSE_C,16,13,32,28,0,independently_synthetic,independent-synthetic-v1,42,stable,0.8125,3,0.7989583333333333,0
SIM-stable-00237,COURSE_D,20,16,40,28,1,independently_synthetic,independent-synthetic-v1,42,stable,0.8,4,0.7989583333333333,0
SIM-stable-00238,COURSE_A,20,18,40,33,0,independently_synthetic,independent-synthetic-v1,42,stable,0.9,2,0.7475694444444445,1
SIM-stable-00238,COURSE_B,18,14,36,30,0,independently_synthetic,independent-synthetic-v1,42,stable,0.7777777777777778,4,0.7475694444444445,1
SIM-stable-00238,COURSE_C,16,13,32,29,0,independently_synthetic,independent-synthetic-v1,42,stable,0.8125,3,0.7475694444444445,1
SIM-stable-00238,COURSE_D,20,10,40,28,1,independently_synthetic,independent-synthetic-v1,42,stable,0.5,10,0.7475694444444445,1
SIM-stable-00239,COURSE_A,20,18,40,28,0,independently_synthetic,independent-synthetic-v1,42,stable,0.9,2,0.6545138888888888,2
SIM-stable-00239,COURSE_B,18,10,36,29,1,independently_synthetic,independent-synthetic-v1,42,stable,0.5555555555555556,8,0.6545138888888888,2
SIM-stable-00239,COURSE_C,16,13,32,27,0,independently_synthetic,independent-synthetic-v1,42,stable,0.8125,3,0.6545138888888888,2
SIM-stable-00239,COURSE_D,20,7,40,31,1,independently_synthetic,independent-synthetic-v1,42,stable,0.35,13,0.6545138888888888,2
SIM-stable-00240,COURSE_A,20,17,40,34,0,independently_synthetic,independent-synthetic-v1,42,stable,0.85,3,0.8548611111111111,0
SIM-stable-00240,COURSE_B,18,17,36,36,0,independently_synthetic,independent-synthetic-v1,42,stable,0.9444444444444444,1,0.8548611111111111,0
SIM-stable-00240,COURSE_C,16,14,32,29,0,independently_synthetic,independent-synthetic-v1,42,stable,0.875,2,0.8548611111111111,0
SIM-stable-00240,COURSE_D,20,15,40,33,0,independently_synthetic,independent-synthetic-v1,42,stable,0.75,5,0.8548611111111111,0
SIM-stable-00241,COURSE_A,20,16,40,23,1,independently_synthetic,independent-synthetic-v1,42,stable,0.8,4,0.7850694444444445,0
SIM-stable-00241,COURSE_B,18,14,36,21,1,independently_synthetic,independent-synthetic-v1,42,stable,0.7777777777777778,4,0.7850694444444445,0
SIM-stable-00241,COURSE_C,16,13,32,30,0,independently_synthetic,independent-synthetic-v1,42,stable,0.8125,3,0.7850694444444445,0
SIM-stable-00241,COURSE_D,20,15,40,23,1,independently_synthetic,independent-synthetic-v1,42,stable,0.75,5,0.7850694444444445,0
SIM-stable-00242,COURSE_A,20,17,40,30,0,independently_synthetic,independent-synthetic-v1,42,stable,0.85,3,0.923611111111111,0
SIM-stable-00242,COURSE_B,18,17,36,25,0,independently_synthetic,independent-synthetic-v1,42,stable,0.9444444444444444,1,0.923611111111111,0
SIM-stable-00242,COURSE_C,16,16,32,32,0,independently_synthetic,independent-synthetic-v1,42,stable,1.0,0,0.923611111111111,0
SIM-stable-00242,COURSE_D,20,18,40,33,0,independently_synthetic,independent-synthetic-v1,42,stable,0.9,2,0.923611111111111,0
SIM-stable-00243,COURSE_A,20,18,40,28,0,independently_synthetic,independent-synthetic-v1,42,stable,0.9,2,0.7927083333333333,1
SIM-stable-00243,COURSE_B,18,15,36,27,0,independently_synthetic,independent-synthetic-v1,42,stable,0.8333333333333334,3,0.7927083333333333,1
SIM-stable-00243,COURSE_C,16,15,32,24,0,independently_synthetic,independent-synthetic-v1,42,stable,0.9375,1,0.7927083333333333,1
SIM-stable-00243,COURSE_D,20,10,40,23,1,independently_synthetic,independent-synthetic-v1,42,stable,0.5,10,0.7927083333333333,1
SIM-stable-00244,COURSE_A,20,19,40,32,0,independently_synthetic,independent-synthetic-v1,42,stable,0.95,1,0.8184027777777778,1
SIM-stable-00244,COURSE_B,18,11,36,24,1,independently_synthetic,independent-synthetic-v1,42,stable,0.6111111111111112,7,0.8184027777777778,1
SIM-stable-00244,COURSE_C,16,13,32,30,0,independently_synthetic,independent-synthetic-v1,42,stable,0.8125,3,0.8184027777777778,1
SIM-stable-00244,COURSE_D,20,18,40,33,0,independently_synthetic,independent-synthetic-v1,42,stable,0.9,2,0.8184027777777778,1
SIM-stable-00245,COURSE_A,20,15,40,29,1,independently_synthetic,independent-synthetic-v1,42,stable,0.75,5,0.7927083333333333,1
SIM-stable-00245,COURSE_B,18,15,36,24,1,independently_synthetic,independent-synthetic-v1,42,stable,0.8333333333333334,3,0.7927083333333333,1
SIM-stable-00245,COURSE_C,16,15,32,25,0,independently_synthetic,independent-synthetic-v1,42,stable,0.9375,1,0.7927083333333333,1
SIM-stable-00245,COURSE_D,20,13,40,20,1,independently_synthetic,independent-synthetic-v1,42,stable,0.65,7,0.7927083333333333,1
SIM-stable-00246,COURSE_A,20,19,40,33,0,independently_synthetic,independent-synthetic-v1,42,stable,0.95,1,0.8350694444444444,0
SIM-stable-00246,COURSE_B,18,14,36,23,1,independently_synthetic,independent-synthetic-v1,42,stable,0.7777777777777778,4,0.8350694444444444,0
SIM-stable-00246,COURSE_C,16,13,32,29,0,independently_synthetic,independent-synthetic-v1,42,stable,0.8125,3,0.8350694444444444,0
SIM-stable-00246,COURSE_D,20,16,40,29,0,independently_synthetic,independent-synthetic-v1,42,stable,0.8,4,0.8350694444444444,0
SIM-stable-00247,COURSE_A,20,18,40,34,0,independently_synthetic,independent-synthetic-v1,42,stable,0.9,2,0.7701388888888889,1
SIM-stable-00247,COURSE_B,18,10,36,24,1,independently_synthetic,independent-synthetic-v1,42,stable,0.5555555555555556,8,0.7701388888888889,1
SIM-stable-00247,COURSE_C,16,14,32,29,0,independently_synthetic,independent-synthetic-v1,42,stable,0.875,2,0.7701388888888889,1
SIM-stable-00247,COURSE_D,20,15,40,27,1,independently_synthetic,independent-synthetic-v1,42,stable,0.75,5,0.7701388888888889,1
SIM-stable-00248,COURSE_A,20,14,40,33,0,independently_synthetic,independent-synthetic-v1,42,stable,0.7,6,0.8149305555555555,2
SIM-stable-00248,COURSE_B,18,13,36,31,0,independently_synthetic,independent-synthetic-v1,42,stable,0.7222222222222222,5,0.8149305555555555,2
SIM-stable-00248,COURSE_C,16,15,32,27,0,independently_synthetic,independent-synthetic-v1,42,stable,0.9375,1,0.8149305555555555,2
SIM-stable-00248,COURSE_D,20,18,40,32,0,independently_synthetic,independent-synthetic-v1,42,stable,0.9,2,0.8149305555555555,2
SIM-stable-00249,COURSE_A,20,14,40,29,1,independently_synthetic,independent-synthetic-v1,42,stable,0.7,6,0.6697916666666667,3
SIM-stable-00249,COURSE_B,18,12,36,18,1,independently_synthetic,independent-synthetic-v1,42,stable,0.6666666666666666,6,0.6697916666666667,3
SIM-stable-00249,COURSE_C,16,13,32,18,1,independently_synthetic,independent-synthetic-v1,42,stable,0.8125,3,0.6697916666666667,3
SIM-stable-00249,COURSE_D,20,10,40,20,1,independently_synthetic,independent-synthetic-v1,42,stable,0.5,10,0.6697916666666667,3
SIM-stable-00250,COURSE_A,20,15,40,29,1,independently_synthetic,independent-synthetic-v1,42,stable,0.75,5,0.7784722222222222,1
SIM-stable-00250,COURSE_B,18,16,36,26,0,independently_synthetic,independent-synthetic-v1,42,stable,0.8888888888888888,2,0.7784722222222222,1
SIM-stable-00250,COURSE_C,16,14,32,30,0,independently_synthetic,independent-synthetic-v1,42,stable,0.875,2,0.7784722222222222,1
SIM-stable-00250,COURSE_D,20,12,40,24,1,independently_synthetic,independent-synthetic-v1,42,stable,0.6,8,0.7784722222222222,1
SIM-stable-00251,COURSE_A,20,17,40,33,0,independently_synthetic,independent-synthetic-v1,42,stable,0.85,3,0.7604166666666666,2
SIM-stable-00251,COURSE_B,18,12,36,26,1,independently_synthetic,independent-synthetic-v1,42,stable,0.6666666666666666,6,0.7604166666666666,2
SIM-stable-00251,COURSE_C,16,14,32,30,0,independently_synthetic,independent-synthetic-v1,42,stable,0.875,2,0.7604166666666666,2
SIM-stable-00251,COURSE_D,20,13,40,32,0,independently_synthetic,independent-synthetic-v1,42,stable,0.65,7,0.7604166666666666,2
SIM-stable-00252,COURSE_A,20,16,40,18,1,independently_synthetic,independent-synthetic-v1,42,stable,0.8,4,0.7069444444444445,1
SIM-stable-00252,COURSE_B,18,14,36,26,1,independently_synthetic,independent-synthetic-v1,42,stable,0.7777777777777778,4,0.7069444444444445,1
SIM-stable-00252,COURSE_C,16,12,32,28,0,independently_synthetic,independent-synthetic-v1,42,stable,0.75,4,0.7069444444444445,1
SIM-stable-00252,COURSE_D,20,10,40,27,1,independently_synthetic,independent-synthetic-v1,42,stable,0.5,10,0.7069444444444445,1
SIM-stable-00253,COURSE_A,20,20,40,36,0,independently_synthetic,independent-synthetic-v1,42,stable,1.0,0,0.9111111111111111,1
SIM-stable-00253,COURSE_B,18,17,36,32,0,independently_synthetic,independent-synthetic-v1,42,stable,0.9444444444444444,1,0.9111111111111111,1
SIM-stable-00253,COURSE_C,16,16,32,30,0,independently_synthetic,independent-synthetic-v1,42,stable,1.0,0,0.9111111111111111,1
SIM-stable-00253,COURSE_D,20,14,40,26,1,independently_synthetic,independent-synthetic-v1,42,stable,0.7,6,0.9111111111111111,1
SIM-stable-00254,COURSE_A,20,18,40,37,0,independently_synthetic,independent-synthetic-v1,42,stable,0.9,2,0.7895833333333333,1
SIM-stable-00254,COURSE_B,18,15,36,33,0,independently_synthetic,independent-synthetic-v1,42,stable,0.8333333333333334,3,0.7895833333333333,1
SIM-stable-00254,COURSE_C,16,14,32,28,0,independently_synthetic,independent-synthetic-v1,42,stable,0.875,2,0.7895833333333333,1
SIM-stable-00254,COURSE_D,20,11,40,29,1,independently_synthetic,independent-synthetic-v1,42,stable,0.55,9,0.7895833333333333,1
SIM-stable-00255,COURSE_A,20,17,40,38,0,independently_synthetic,independent-synthetic-v1,42,stable,0.85,3,0.7934027777777778,1
SIM-stable-00255,COURSE_B,18,11,36,21,1,independently_synthetic,independent-synthetic-v1,42,stable,0.6111111111111112,7,0.7934027777777778,1
SIM-stable-00255,COURSE_C,16,13,32,25,0,independently_synthetic,independent-synthetic-v1,42,stable,0.8125,3,0.7934027777777778,1
SIM-stable-00255,COURSE_D,20,18,40,31,0,independently_synthetic,independent-synthetic-v1,42,stable,0.9,2,0.7934027777777778,1
SIM-stable-00256,COURSE_A,20,15,40,31,0,independently_synthetic,independent-synthetic-v1,42,stable,0.75,5,0.6934027777777778,2
SIM-stable-00256,COURSE_B,18,11,36,21,1,independently_synthetic,independent-synthetic-v1,42,stable,0.6111111111111112,7,0.6934027777777778,2
SIM-stable-00256,COURSE_C,16,13,32,24,0,independently_synthetic,independent-synthetic-v1,42,stable,0.8125,3,0.6934027777777778,2
SIM-stable-00256,COURSE_D,20,12,40,27,1,independently_synthetic,independent-synthetic-v1,42,stable,0.6,8,0.6934027777777778,2
SIM-stable-00257,COURSE_A,20,14,40,32,0,independently_synthetic,independent-synthetic-v1,42,stable,0.7,6,0.746875,2
SIM-stable-00257,COURSE_B,18,9,36,29,1,independently_synthetic,independent-synthetic-v1,42,stable,0.5,9,0.746875,2
SIM-stable-00257,COURSE_C,16,15,32,27,0,independently_synthetic,independent-synthetic-v1,42,stable,0.9375,1,0.746875,2
SIM-stable-00257,COURSE_D,20,17,40,21,1,independently_synthetic,independent-synthetic-v1,42,stable,0.85,3,0.746875,2
SIM-stable-00258,COURSE_A,20,20,40,38,0,independently_synthetic,independent-synthetic-v1,42,stable,1.0,0,0.9597222222222221,0
SIM-stable-00258,COURSE_B,18,16,36,34,0,independently_synthetic,independent-synthetic-v1,42,stable,0.8888888888888888,2,0.9597222222222221,0
SIM-stable-00258,COURSE_C,16,16,32,29,0,independently_synthetic,independent-synthetic-v1,42,stable,1.0,0,0.9597222222222221,0
SIM-stable-00258,COURSE_D,20,19,40,37,0,independently_synthetic,independent-synthetic-v1,42,stable,0.95,1,0.9597222222222221,0
SIM-stable-00259,COURSE_A,20,20,40,36,0,independently_synthetic,independent-synthetic-v1,42,stable,1.0,0,0.9048611111111111,0
SIM-stable-00259,COURSE_B,18,17,36,34,0,independently_synthetic,independent-synthetic-v1,42,stable,0.9444444444444444,1,0.9048611111111111,0
SIM-stable-00259,COURSE_C,16,14,32,32,0,independently_synthetic,independent-synthetic-v1,42,stable,0.875,2,0.9048611111111111,0
SIM-stable-00259,COURSE_D,20,16,40,29,0,independently_synthetic,independent-synthetic-v1,42,stable,0.8,4,0.9048611111111111,0
SIM-stable-00260,COURSE_A,20,15,40,33,0,independently_synthetic,independent-synthetic-v1,42,stable,0.75,5,0.8145833333333333,0
SIM-stable-00260,COURSE_B,18,15,36,25,1,independently_synthetic,independent-synthetic-v1,42,stable,0.8333333333333334,3,0.8145833333333333,0
SIM-stable-00260,COURSE_C,16,14,32,30,0,independently_synthetic,independent-synthetic-v1,42,stable,0.875,2,0.8145833333333333,0
SIM-stable-00260,COURSE_D,20,16,40,28,1,independently_synthetic,independent-synthetic-v1,42,stable,0.8,4,0.8145833333333333,0
SIM-stable-00261,COURSE_A,20,14,40,30,1,independently_synthetic,independent-synthetic-v1,42,stable,0.7,6,0.6420138888888889,3
SIM-stable-00261,COURSE_B,18,10,36,23,1,independently_synthetic,independent-synthetic-v1,42,stable,0.5555555555555556,8,0.6420138888888889,3
SIM-stable-00261,COURSE_C,16,13,32,29,0,independently_synthetic,independent-synthetic-v1,42,stable,0.8125,3,0.6420138888888889,3
SIM-stable-00261,COURSE_D,20,10,40,23,1,independently_synthetic,independent-synthetic-v1,42,stable,0.5,10,0.6420138888888889,3
SIM-stable-00262,COURSE_A,20,10,40,31,1,independently_synthetic,independent-synthetic-v1,42,stable,0.5,10,0.7305555555555555,3
SIM-stable-00262,COURSE_B,18,13,36,27,1,independently_synthetic,independent-synthetic-v1,42,stable,0.7222222222222222,5,0.7305555555555555,3
SIM-stable-00262,COURSE_C,16,16,32,25,0,independently_synthetic,independent-synthetic-v1,42,stable,1.0,0,0.7305555555555555,3
SIM-stable-00262,COURSE_D,20,14,40,30,1,independently_synthetic,independent-synthetic-v1,42,stable,0.7,6,0.7305555555555555,3
SIM-stable-00263,COURSE_A,20,15,40,27,1,independently_synthetic,independent-synthetic-v1,42,stable,0.75,5,0.6010416666666667,3
SIM-stable-00263,COURSE_B,18,12,36,20,1,independently_synthetic,independent-synthetic-v1,42,stable,0.6666666666666666,6,0.6010416666666667,3
SIM-stable-00263,COURSE_C,16,11,32,29,0,independently_synthetic,independent-synthetic-v1,42,stable,0.6875,5,0.6010416666666667,3
SIM-stable-00263,COURSE_D,20,6,40,19,1,independently_synthetic,independent-synthetic-v1,42,stable,0.3,14,0.6010416666666667,3
SIM-stable-00264,COURSE_A,20,18,40,26,1,independently_synthetic,independent-synthetic-v1,42,stable,0.9,2,0.7291666666666666,2
SIM-stable-00264,COURSE_B,18,12,36,33,0,independently_synthetic,independent-synthetic-v1,42,stable,0.6666666666666666,6,0.7291666666666666,2
SIM-stable-00264,COURSE_C,16,12,32,24,0,independently_synthetic,independent-synthetic-v1,42,stable,0.75,4,0.7291666666666666,2
SIM-stable-00264,COURSE_D,20,12,40,23,1,independently_synthetic,independent-synthetic-v1,42,stable,0.6,8,0.7291666666666666,2
SIM-stable-00265,COURSE_A,20,13,40,25,1,independently_synthetic,independent-synthetic-v1,42,stable,0.65,7,0.5746527777777778,4
SIM-stable-00265,COURSE_B,18,11,36,23,1,independently_synthetic,independent-synthetic-v1,42,stable,0.6111111111111112,7,0.5746527777777778,4
SIM-stable-00265,COURSE_C,16,7,32,16,1,independently_synthetic,independent-synthetic-v1,42,stable,0.4375,9,0.5746527777777778,4
SIM-stable-00265,COURSE_D,20,12,40,22,1,independently_synthetic,independent-synthetic-v1,42,stable,0.6,8,0.5746527777777778,4
SIM-stable-00266,COURSE_A,20,11,40,23,1,independently_synthetic,independent-synthetic-v1,42,stable,0.55,9,0.53125,4
SIM-stable-00266,COURSE_B,18,9,36,23,1,independently_synthetic,independent-synthetic-v1,42,stable,0.5,9,0.53125,4
SIM-stable-00266,COURSE_C,16,10,32,23,1,independently_synthetic,independent-synthetic-v1,42,stable,0.625,6,0.53125,4
SIM-stable-00266,COURSE_D,20,9,40,21,1,independently_synthetic,independent-synthetic-v1,42,stable,0.45,11,0.53125,4
SIM-stable-00267,COURSE_A,20,14,40,33,0,independently_synthetic,independent-synthetic-v1,42,stable,0.7,6,0.80625,2
SIM-stable-00267,COURSE_B,18,18,36,27,0,independently_synthetic,independent-synthetic-v1,42,stable,1.0,0,0.80625,2
SIM-stable-00267,COURSE_C,16,14,32,29,0,independently_synthetic,independent-synthetic-v1,42,stable,0.875,2,0.80625,2
SIM-stable-00267,COURSE_D,20,13,40,30,1,independently_synthetic,independent-synthetic-v1,42,stable,0.65,7,0.80625,2
SIM-stable-00268,COURSE_A,20,18,40,37,0,independently_synthetic,independent-synthetic-v1,42,stable,0.9,2,0.8444444444444444,1
SIM-stable-00268,COURSE_B,18,14,36,30,0,independently_synthetic,independent-synthetic-v1,42,stable,0.7777777777777778,4,0.8444444444444444,1
SIM-stable-00268,COURSE_C,16,16,32,31,0,independently_synthetic,independent-synthetic-v1,42,stable,1.0,0,0.8444444444444444,1
SIM-stable-00268,COURSE_D,20,14,40,36,0,independently_synthetic,independent-synthetic-v1,42,stable,0.7,6,0.8444444444444444,1
SIM-stable-00269,COURSE_A,20,17,40,35,0,independently_synthetic,independent-synthetic-v1,42,stable,0.85,3,0.7777777777777778,2
SIM-stable-00269,COURSE_B,18,11,36,26,1,independently_synthetic,independent-synthetic-v1,42,stable,0.6111111111111112,7,0.7777777777777778,2
SIM-stable-00269,COURSE_C,16,16,32,27,0,independently_synthetic,independent-synthetic-v1,42,stable,1.0,0,0.7777777777777778,2
SIM-stable-00269,COURSE_D,20,13,40,26,1,independently_synthetic,independent-synthetic-v1,42,stable,0.65,7,0.7777777777777778,2
SIM-stable-00270,COURSE_A,20,19,40,36,0,independently_synthetic,independent-synthetic-v1,42,stable,0.95,1,0.8177083333333334,1
SIM-stable-00270,COURSE_B,18,15,36,27,0,independently_synthetic,independent-synthetic-v1,42,stable,0.8333333333333334,3,0.8177083333333334,1
SIM-stable-00270,COURSE_C,16,15,32,29,0,independently_synthetic,independent-synthetic-v1,42,stable,0.9375,1,0.8177083333333334,1
SIM-stable-00270,COURSE_D,20,11,40,36,0,independently_synthetic,independent-synthetic-v1,42,stable,0.55,9,0.8177083333333334,1
SIM-stable-00271,COURSE_A,20,14,40,30,1,independently_synthetic,independent-synthetic-v1,42,stable,0.7,6,0.5496527777777778,4
SIM-stable-00271,COURSE_B,18,11,36,17,1,independently_synthetic,independent-synthetic-v1,42,stable,0.6111111111111112,7,0.5496527777777778,4
SIM-stable-00271,COURSE_C,16,7,32,19,1,independently_synthetic,independent-synthetic-v1,42,stable,0.4375,9,0.5496527777777778,4
SIM-stable-00271,COURSE_D,20,9,40,21,1,independently_synthetic,independent-synthetic-v1,42,stable,0.45,11,0.5496527777777778,4
SIM-stable-00272,COURSE_A,20,12,40,30,1,independently_synthetic,independent-synthetic-v1,42,stable,0.6,8,0.6680555555555555,3
SIM-stable-00272,COURSE_B,18,13,36,23,1,independently_synthetic,independent-synthetic-v1,42,stable,0.7222222222222222,5,0.6680555555555555,3
SIM-stable-00272,COURSE_C,16,12,32,29,0,independently_synthetic,independent-synthetic-v1,42,stable,0.75,4,0.6680555555555555,3
SIM-stable-00272,COURSE_D,20,12,40,25,1,independently_synthetic,independent-synthetic-v1,42,stable,0.6,8,0.6680555555555555,3
SIM-stable-00273,COURSE_A,20,19,40,34,0,independently_synthetic,independent-synthetic-v1,42,stable,0.95,1,0.7836805555555555,2
SIM-stable-00273,COURSE_B,18,13,36,27,1,independently_synthetic,independent-synthetic-v1,42,stable,0.7222222222222222,5,0.7836805555555555,2
SIM-stable-00273,COURSE_C,16,13,32,25,0,independently_synthetic,independent-synthetic-v1,42,stable,0.8125,3,0.7836805555555555,2
SIM-stable-00273,COURSE_D,20,13,40,26,1,independently_synthetic,independent-synthetic-v1,42,stable,0.65,7,0.7836805555555555,2
SIM-stable-00274,COURSE_A,20,15,40,34,0,independently_synthetic,independent-synthetic-v1,42,stable,0.75,5,0.7878472222222221,1
SIM-stable-00274,COURSE_B,18,16,36,31,0,independently_synthetic,independent-synthetic-v1,42,stable,0.8888888888888888,2,0.7878472222222221,1
SIM-stable-00274,COURSE_C,16,13,32,26,0,independently_synthetic,independent-synthetic-v1,42,stable,0.8125,3,0.7878472222222221,1
SIM-stable-00274,COURSE_D,20,14,40,29,1,independently_synthetic,independent-synthetic-v1,42,stable,0.7,6,0.7878472222222221,1
SIM-stable-00275,COURSE_A,20,17,40,28,0,independently_synthetic,independent-synthetic-v1,42,stable,0.85,3,0.7895833333333333,1
SIM-stable-00275,COURSE_B,18,15,36,28,0,independently_synthetic,independent-synthetic-v1,42,stable,0.8333333333333334,3,0.7895833333333333,1
SIM-stable-00275,COURSE_C,16,14,32,25,0,independently_synthetic,independent-synthetic-v1,42,stable,0.875,2,0.7895833333333333,1
SIM-stable-00275,COURSE_D,20,12,40,21,1,independently_synthetic,independent-synthetic-v1,42,stable,0.6,8,0.7895833333333333,1
SIM-stable-00276,COURSE_A,20,19,40,38,0,independently_synthetic,independent-synthetic-v1,42,stable,0.95,1,0.8680555555555556,1
SIM-stable-00276,COURSE_B,18,13,36,31,0,independently_synthetic,independent-synthetic-v1,42,stable,0.7222222222222222,5,0.8680555555555556,1
SIM-stable-00276,COURSE_C,16,16,32,30,0,independently_synthetic,independent-synthetic-v1,42,stable,1.0,0,0.8680555555555556,1
SIM-stable-00276,COURSE_D,20,16,40,30,0,independently_synthetic,independent-synthetic-v1,42,stable,0.8,4,0.8680555555555556,1
SIM-stable-00277,COURSE_A,20,18,40,36,0,independently_synthetic,independent-synthetic-v1,42,stable,0.9,2,0.8069444444444445,1
SIM-stable-00277,COURSE_B,18,14,36,30,0,independently_synthetic,independent-synthetic-v1,42,stable,0.7777777777777778,4,0.8069444444444445,1
SIM-stable-00277,COURSE_C,16,16,32,25,0,independently_synthetic,independent-synthetic-v1,42,stable,1.0,0,0.8069444444444445,1
SIM-stable-00277,COURSE_D,20,11,40,25,1,independently_synthetic,independent-synthetic-v1,42,stable,0.55,9,0.8069444444444445,1
SIM-stable-00278,COURSE_A,20,14,40,34,0,independently_synthetic,independent-synthetic-v1,42,stable,0.7,6,0.7604166666666666,2
SIM-stable-00278,COURSE_B,18,12,36,28,1,independently_synthetic,independent-synthetic-v1,42,stable,0.6666666666666666,6,0.7604166666666666,2
SIM-stable-00278,COURSE_C,16,14,32,24,0,independently_synthetic,independent-synthetic-v1,42,stable,0.875,2,0.7604166666666666,2
SIM-stable-00278,COURSE_D,20,16,40,29,0,independently_synthetic,independent-synthetic-v1,42,stable,0.8,4,0.7604166666666666,2
SIM-stable-00279,COURSE_A,20,20,40,38,0,independently_synthetic,independent-synthetic-v1,42,stable,1.0,0,0.8798611111111111,1
SIM-stable-00279,COURSE_B,18,17,36,30,0,independently_synthetic,independent-synthetic-v1,42,stable,0.9444444444444444,1,0.8798611111111111,1
SIM-stable-00279,COURSE_C,16,14,32,29,0,independently_synthetic,independent-synthetic-v1,42,stable,0.875,2,0.8798611111111111,1
SIM-stable-00279,COURSE_D,20,14,40,30,1,independently_synthetic,independent-synthetic-v1,42,stable,0.7,6,0.8798611111111111,1
SIM-stable-00280,COURSE_A,20,16,40,33,0,independently_synthetic,independent-synthetic-v1,42,stable,0.8,4,0.7649305555555556,2
SIM-stable-00280,COURSE_B,18,13,36,25,1,independently_synthetic,independent-synthetic-v1,42,stable,0.7222222222222222,5,0.7649305555555556,2
SIM-stable-00280,COURSE_C,16,11,32,28,0,independently_synthetic,independent-synthetic-v1,42,stable,0.6875,5,0.7649305555555556,2
SIM-stable-00280,COURSE_D,20,17,40,35,0,independently_synthetic,independent-synthetic-v1,42,stable,0.85,3,0.7649305555555556,2
SIM-stable-00281,COURSE_A,20,20,40,39,0,independently_synthetic,independent-synthetic-v1,42,stable,1.0,0,0.975,0
SIM-stable-00281,COURSE_B,18,18,36,36,0,independently_synthetic,independent-synthetic-v1,42,stable,1.0,0,0.975,0
SIM-stable-00281,COURSE_C,16,16,32,32,0,independently_synthetic,independent-synthetic-v1,42,stable,1.0,0,0.975,0
SIM-stable-00281,COURSE_D,20,18,40,39,0,independently_synthetic,independent-synthetic-v1,42,stable,0.9,2,0.975,0
SIM-stable-00282,COURSE_A,20,18,40,36,0,independently_synthetic,independent-synthetic-v1,42,stable,0.9,2,0.9486111111111111,0
SIM-stable-00282,COURSE_B,18,17,36,28,0,independently_synthetic,independent-synthetic-v1,42,stable,0.9444444444444444,1,0.9486111111111111,0
SIM-stable-00282,COURSE_C,16,16,32,29,0,independently_synthetic,independent-synthetic-v1,42,stable,1.0,0,0.9486111111111111,0
SIM-stable-00282,COURSE_D,20,19,40,35,0,independently_synthetic,independent-synthetic-v1,42,stable,0.95,1,0.9486111111111111,0
SIM-stable-00283,COURSE_A,20,16,40,30,0,independently_synthetic,independent-synthetic-v1,42,stable,0.8,4,0.7041666666666666,2
SIM-stable-00283,COURSE_B,18,12,36,20,1,independently_synthetic,independent-synthetic-v1,42,stable,0.6666666666666666,6,0.7041666666666666,2
SIM-stable-00283,COURSE_C,16,12,32,25,0,independently_synthetic,independent-synthetic-v1,42,stable,0.75,4,0.7041666666666666,2
SIM-stable-00283,COURSE_D,20,12,40,23,1,independently_synthetic,independent-synthetic-v1,42,stable,0.6,8,0.7041666666666666,2
SIM-stable-00284,COURSE_A,20,15,40,27,1,independently_synthetic,independent-synthetic-v1,42,stable,0.75,5,0.6420138888888889,2
SIM-stable-00284,COURSE_B,18,10,36,21,1,independently_synthetic,independent-synthetic-v1,42,stable,0.5555555555555556,8,0.6420138888888889,2
SIM-stable-00284,COURSE_C,16,13,32,22,1,independently_synthetic,independent-synthetic-v1,42,stable,0.8125,3,0.6420138888888889,2
SIM-stable-00284,COURSE_D,20,9,40,21,1,independently_synthetic,independent-synthetic-v1,42,stable,0.45,11,0.6420138888888889,2
SIM-stable-00285,COURSE_A,20,17,40,25,1,independently_synthetic,independent-synthetic-v1,42,stable,0.85,3,0.7201388888888889,2
SIM-stable-00285,COURSE_B,18,10,36,19,1,independently_synthetic,independent-synthetic-v1,42,stable,0.5555555555555556,8,0.7201388888888889,2
SIM-stable-00285,COURSE_C,16,14,32,27,0,independently_synthetic,independent-synthetic-v1,42,stable,0.875,2,0.7201388888888889,2
SIM-stable-00285,COURSE_D,20,12,40,27,1,independently_synthetic,independent-synthetic-v1,42,stable,0.6,8,0.7201388888888889,2
SIM-stable-00286,COURSE_A,20,12,40,31,1,independently_synthetic,independent-synthetic-v1,42,stable,0.6,8,0.6506944444444445,3
SIM-stable-00286,COURSE_B,18,14,36,22,1,independently_synthetic,independent-synthetic-v1,42,stable,0.7777777777777778,4,0.6506944444444445,3
SIM-stable-00286,COURSE_C,16,10,32,23,1,independently_synthetic,independent-synthetic-v1,42,stable,0.625,6,0.6506944444444445,3
SIM-stable-00286,COURSE_D,20,12,40,23,1,independently_synthetic,independent-synthetic-v1,42,stable,0.6,8,0.6506944444444445,3
SIM-stable-00287,COURSE_A,20,14,40,36,0,independently_synthetic,independent-synthetic-v1,42,stable,0.7,6,0.804861111111111,2
SIM-stable-00287,COURSE_B,18,17,36,34,0,independently_synthetic,independent-synthetic-v1,42,stable,0.9444444444444444,1,0.804861111111111,2
SIM-stable-00287,COURSE_C,16,14,32,28,0,independently_synthetic,independent-synthetic-v1,42,stable,0.875,2,0.804861111111111,2
SIM-stable-00287,COURSE_D,20,14,40,26,1,independently_synthetic,independent-synthetic-v1,42,stable,0.7,6,0.804861111111111,2
SIM-stable-00288,COURSE_A,20,13,40,27,1,independently_synthetic,independent-synthetic-v1,42,stable,0.65,7,0.6086805555555556,4
SIM-stable-00288,COURSE_B,18,13,36,31,0,independently_synthetic,independent-synthetic-v1,42,stable,0.7222222222222222,5,0.6086805555555556,4
SIM-stable-00288,COURSE_C,16,9,32,28,0,independently_synthetic,independent-synthetic-v1,42,stable,0.5625,7,0.6086805555555556,4
SIM-stable-00288,COURSE_D,20,10,40,29,1,independently_synthetic,independent-synthetic-v1,42,stable,0.5,10,0.6086805555555556,4
SIM-stable-00289,COURSE_A,20,11,40,32,1,independently_synthetic,independent-synthetic-v1,42,stable,0.55,9,0.7027777777777778,3
SIM-stable-00289,COURSE_B,18,11,36,26,1,independently_synthetic,independent-synthetic-v1,42,stable,0.6111111111111112,7,0.7027777777777778,3
SIM-stable-00289,COURSE_C,16,16,32,30,0,independently_synthetic,independent-synthetic-v1,42,stable,1.0,0,0.7027777777777778,3
SIM-stable-00289,COURSE_D,20,13,40,27,1,independently_synthetic,independent-synthetic-v1,42,stable,0.65,7,0.7027777777777778,3
SIM-stable-00290,COURSE_A,20,18,40,39,0,independently_synthetic,independent-synthetic-v1,42,stable,0.9,2,0.8069444444444445,1
SIM-stable-00290,COURSE_B,18,14,36,28,0,independently_synthetic,independent-synthetic-v1,42,stable,0.7777777777777778,4,0.8069444444444445,1
SIM-stable-00290,COURSE_C,16,16,32,29,0,independently_synthetic,independent-synthetic-v1,42,stable,1.0,0,0.8069444444444445,1
SIM-stable-00290,COURSE_D,20,11,40,26,1,independently_synthetic,independent-synthetic-v1,42,stable,0.55,9,0.8069444444444445,1
SIM-stable-00291,COURSE_A,20,17,40,38,0,independently_synthetic,independent-synthetic-v1,42,stable,0.85,3,0.8145833333333333,1
SIM-stable-00291,COURSE_B,18,15,36,30,0,independently_synthetic,independent-synthetic-v1,42,stable,0.8333333333333334,3,0.8145833333333333,1
SIM-stable-00291,COURSE_C,16,14,32,27,0,independently_synthetic,independent-synthetic-v1,42,stable,0.875,2,0.8145833333333333,1
SIM-stable-00291,COURSE_D,20,14,40,29,1,independently_synthetic,independent-synthetic-v1,42,stable,0.7,6,0.8145833333333333,1
SIM-stable-00292,COURSE_A,20,17,40,35,0,independently_synthetic,independent-synthetic-v1,42,stable,0.85,3,0.6767361111111111,2
SIM-stable-00292,COURSE_B,18,8,36,21,1,independently_synthetic,independent-synthetic-v1,42,stable,0.4444444444444444,10,0.6767361111111111,2
SIM-stable-00292,COURSE_C,16,13,32,28,0,independently_synthetic,independent-synthetic-v1,42,stable,0.8125,3,0.6767361111111111,2
SIM-stable-00292,COURSE_D,20,12,40,23,1,independently_synthetic,independent-synthetic-v1,42,stable,0.6,8,0.6767361111111111,2
SIM-stable-00293,COURSE_A,20,17,40,37,0,independently_synthetic,independent-synthetic-v1,42,stable,0.85,3,0.8427083333333334,0
SIM-stable-00293,COURSE_B,18,15,36,30,0,independently_synthetic,independent-synthetic-v1,42,stable,0.8333333333333334,3,0.8427083333333334,0
SIM-stable-00293,COURSE_C,16,15,32,30,0,independently_synthetic,independent-synthetic-v1,42,stable,0.9375,1,0.8427083333333334,0
SIM-stable-00293,COURSE_D,20,15,40,28,1,independently_synthetic,independent-synthetic-v1,42,stable,0.75,5,0.8427083333333334,0
SIM-stable-00294,COURSE_A,20,18,40,34,0,independently_synthetic,independent-synthetic-v1,42,stable,0.9,2,0.8305555555555555,2
SIM-stable-00294,COURSE_B,18,13,36,29,0,independently_synthetic,independent-synthetic-v1,42,stable,0.7222222222222222,5,0.8305555555555555,2
SIM-stable-00294,COURSE_C,16,16,32,29,0,independently_synthetic,independent-synthetic-v1,42,stable,1.0,0,0.8305555555555555,2
SIM-stable-00294,COURSE_D,20,14,40,30,1,independently_synthetic,independent-synthetic-v1,42,stable,0.7,6,0.8305555555555555,2
SIM-stable-00295,COURSE_A,20,13,40,29,1,independently_synthetic,independent-synthetic-v1,42,stable,0.65,7,0.6576388888888889,3
SIM-stable-00295,COURSE_B,18,10,36,21,1,independently_synthetic,independent-synthetic-v1,42,stable,0.5555555555555556,8,0.6576388888888889,3
SIM-stable-00295,COURSE_C,16,14,32,26,0,independently_synthetic,independent-synthetic-v1,42,stable,0.875,2,0.6576388888888889,3
SIM-stable-00295,COURSE_D,20,11,40,31,1,independently_synthetic,independent-synthetic-v1,42,stable,0.55,9,0.6576388888888889,3
SIM-stable-00296,COURSE_A,20,19,40,36,0,independently_synthetic,independent-synthetic-v1,42,stable,0.95,1,0.8756944444444444,0
SIM-stable-00296,COURSE_B,18,14,36,31,0,independently_synthetic,independent-synthetic-v1,42,stable,0.7777777777777778,4,0.8756944444444444,0
SIM-stable-00296,COURSE_C,16,14,32,31,0,independently_synthetic,independent-synthetic-v1,42,stable,0.875,2,0.8756944444444444,0
SIM-stable-00296,COURSE_D,20,18,40,37,0,independently_synthetic,independent-synthetic-v1,42,stable,0.9,2,0.8756944444444444,0
SIM-stable-00297,COURSE_A,20,15,40,25,1,independently_synthetic,independent-synthetic-v1,42,stable,0.75,5,0.6965277777777779,2
SIM-stable-00297,COURSE_B,18,11,36,20,1,independently_synthetic,independent-synthetic-v1,42,stable,0.6111111111111112,7,0.6965277777777779,2
SIM-stable-00297,COURSE_C,16,14,32,28,0,independently_synthetic,independent-synthetic-v1,42,stable,0.875,2,0.6965277777777779,2
SIM-stable-00297,COURSE_D,20,11,40,24,1,independently_synthetic,independent-synthetic-v1,42,stable,0.55,9,0.6965277777777779,2
SIM-stable-00298,COURSE_A,20,15,40,34,0,independently_synthetic,independent-synthetic-v1,42,stable,0.75,5,0.8472222222222222,0
SIM-stable-00298,COURSE_B,18,16,36,32,0,independently_synthetic,independent-synthetic-v1,42,stable,0.8888888888888888,2,0.8472222222222222,0
SIM-stable-00298,COURSE_C,16,16,32,32,0,independently_synthetic,independent-synthetic-v1,42,stable,1.0,0,0.8472222222222222,0
SIM-stable-00298,COURSE_D,20,15,40,30,0,independently_synthetic,independent-synthetic-v1,42,stable,0.75,5,0.8472222222222222,0
SIM-stable-00299,COURSE_A,20,18,40,31,0,independently_synthetic,independent-synthetic-v1,42,stable,0.9,2,0.7774305555555556,2
SIM-stable-00299,COURSE_B,18,13,36,32,0,independently_synthetic,independent-synthetic-v1,42,stable,0.7222222222222222,5,0.7774305555555556,2
SIM-stable-00299,COURSE_C,16,15,32,29,0,independently_synthetic,independent-synthetic-v1,42,stable,0.9375,1,0.7774305555555556,2
SIM-stable-00299,COURSE_D,20,11,40,27,1,independently_synthetic,independent-synthetic-v1,42,stable,0.55,9,0.7774305555555556,2
SIM-stable-00300,COURSE_A,20,17,40,27,1,independently_synthetic,independent-synthetic-v1,42,stable,0.85,3,0.8041666666666667,2
SIM-stable-00300,COURSE_B,18,12,36,21,1,independently_synthetic,independent-synthetic-v1,42,stable,0.6666666666666666,6,0.8041666666666667,2
SIM-stable-00300,COURSE_C,16,16,32,31,0,independently_synthetic,independent-synthetic-v1,42,stable,1.0,0,0.8041666666666667,2
SIM-stable-00300,COURSE_D,20,14,40,23,1,independently_synthetic,independent-synthetic-v1,42,stable,0.7,6,0.8041666666666667,2
SIM-stable-00301,COURSE_A,20,17,40,34,0,independently_synthetic,independent-synthetic-v1,42,stable,0.85,3,0.7225694444444444,2
SIM-stable-00301,COURSE_B,18,14,36,26,1,independently_synthetic,independent-synthetic-v1,42,stable,0.7777777777777778,4,0.7225694444444444,2
SIM-stable-00301,COURSE_C,16,9,32,23,1,independently_synthetic,independent-synthetic-v1,42,stable,0.5625,7,0.7225694444444444,2
SIM-stable-00301,COURSE_D,20,14,40,23,1,independently_synthetic,independent-synthetic-v1,42,stable,0.7,6,0.7225694444444444,2
SIM-stable-00302,COURSE_A,20,19,40,38,0,independently_synthetic,independent-synthetic-v1,42,stable,0.95,1,0.8274305555555556,2
SIM-stable-00302,COURSE_B,18,13,36,29,0,independently_synthetic,independent-synthetic-v1,42,stable,0.7222222222222222,5,0.8274305555555556,2
SIM-stable-00302,COURSE_C,16,15,32,26,0,independently_synthetic,independent-synthetic-v1,42,stable,0.9375,1,0.8274305555555556,2
SIM-stable-00302,COURSE_D,20,14,40,31,0,independently_synthetic,independent-synthetic-v1,42,stable,0.7,6,0.8274305555555556,2
SIM-stable-00303,COURSE_A,20,14,40,31,0,independently_synthetic,independent-synthetic-v1,42,stable,0.7,6,0.6930555555555555,3
SIM-stable-00303,COURSE_B,18,13,36,27,1,independently_synthetic,independent-synthetic-v1,42,stable,0.7222222222222222,5,0.6930555555555555,3
SIM-stable-00303,COURSE_C,16,12,32,23,1,independently_synthetic,independent-synthetic-v1,42,stable,0.75,4,0.6930555555555555,3
SIM-stable-00303,COURSE_D,20,12,40,22,1,independently_synthetic,independent-synthetic-v1,42,stable,0.6,8,0.6930555555555555,3
SIM-stable-00304,COURSE_A,20,15,40,25,1,independently_synthetic,independent-synthetic-v1,42,stable,0.75,5,0.6194444444444445,2
SIM-stable-00304,COURSE_B,18,5,36,11,1,independently_synthetic,independent-synthetic-v1,42,stable,0.2777777777777778,13,0.6194444444444445,2
SIM-stable-00304,COURSE_C,16,12,32,26,0,independently_synthetic,independent-synthetic-v1,42,stable,0.75,4,0.6194444444444445,2
SIM-stable-00304,COURSE_D,20,14,40,31,0,independently_synthetic,independent-synthetic-v1,42,stable,0.7,6,0.6194444444444445,2
SIM-stable-00305,COURSE_A,20,17,40,34,0,independently_synthetic,independent-synthetic-v1,42,stable,0.85,3,0.6295138888888889,2
SIM-stable-00305,COURSE_B,18,10,36,16,1,independently_synthetic,independent-synthetic-v1,42,stable,0.5555555555555556,8,0.6295138888888889,2
SIM-stable-00305,COURSE_C,16,13,32,29,0,independently_synthetic,independent-synthetic-v1,42,stable,0.8125,3,0.6295138888888889,2
SIM-stable-00305,COURSE_D,20,6,40,14,1,independently_synthetic,independent-synthetic-v1,42,stable,0.3,14,0.6295138888888889,2
SIM-stable-00306,COURSE_A,20,17,40,26,1,independently_synthetic,independent-synthetic-v1,42,stable,0.85,3,0.7309027777777778,2
SIM-stable-00306,COURSE_B,18,11,36,23,1,independently_synthetic,independent-synthetic-v1,42,stable,0.6111111111111112,7,0.7309027777777778,2
SIM-stable-00306,COURSE_C,16,13,32,29,0,independently_synthetic,independent-synthetic-v1,42,stable,0.8125,3,0.7309027777777778,2
SIM-stable-00306,COURSE_D,20,13,40,25,1,independently_synthetic,independent-synthetic-v1,42,stable,0.65,7,0.7309027777777778,2
SIM-stable-00307,COURSE_A,20,13,40,26,1,independently_synthetic,independent-synthetic-v1,42,stable,0.65,7,0.6684027777777778,3
SIM-stable-00307,COURSE_B,18,11,36,24,1,independently_synthetic,independent-synthetic-v1,42,stable,0.6111111111111112,7,0.6684027777777778,3
SIM-stable-00307,COURSE_C,16,13,32,26,0,independently_synthetic,independent-synthetic-v1,42,stable,0.8125,3,0.6684027777777778,3
SIM-stable-00307,COURSE_D,20,12,40,28,1,independently_synthetic,independent-synthetic-v1,42,stable,0.6,8,0.6684027777777778,3
SIM-stable-00308,COURSE_A,20,15,40,35,0,independently_synthetic,independent-synthetic-v1,42,stable,0.75,5,0.7708333333333334,0
SIM-stable-00308,COURSE_B,18,15,36,27,0,independently_synthetic,independent-synthetic-v1,42,stable,0.8333333333333334,3,0.7708333333333334,0
SIM-stable-00308,COURSE_C,16,12,32,28,0,independently_synthetic,independent-synthetic-v1,42,stable,0.75,4,0.7708333333333334,0
SIM-stable-00308,COURSE_D,20,15,40,30,0,independently_synthetic,independent-synthetic-v1,42,stable,0.75,5,0.7708333333333334,0
SIM-stable-00309,COURSE_A,20,12,40,30,1,independently_synthetic,independent-synthetic-v1,42,stable,0.6,8,0.7569444444444444,2
SIM-stable-00309,COURSE_B,18,14,36,25,1,independently_synthetic,independent-synthetic-v1,42,stable,0.7777777777777778,4,0.7569444444444444,2
SIM-stable-00309,COURSE_C,16,16,32,30,0,independently_synthetic,independent-synthetic-v1,42,stable,1.0,0,0.7569444444444444,2
SIM-stable-00309,COURSE_D,20,13,40,25,1,independently_synthetic,independent-synthetic-v1,42,stable,0.65,7,0.7569444444444444,2
SIM-stable-00310,COURSE_A,20,13,40,31,1,independently_synthetic,independent-synthetic-v1,42,stable,0.65,7,0.6961805555555556,3
SIM-stable-00310,COURSE_B,18,13,36,22,1,independently_synthetic,independent-synthetic-v1,42,stable,0.7222222222222222,5,0.6961805555555556,3
SIM-stable-00310,COURSE_C,16,13,32,24,0,independently_synthetic,independent-synthetic-v1,42,stable,0.8125,3,0.6961805555555556,3
SIM-stable-00310,COURSE_D,20,12,40,26,1,independently_synthetic,independent-synthetic-v1,42,stable,0.6,8,0.6961805555555556,3
SIM-stable-00311,COURSE_A,20,16,40,32,0,independently_synthetic,independent-synthetic-v1,42,stable,0.8,4,0.7368055555555556,2
SIM-stable-00311,COURSE_B,18,13,36,26,1,independently_synthetic,independent-synthetic-v1,42,stable,0.7222222222222222,5,0.7368055555555556,2
SIM-stable-00311,COURSE_C,16,14,32,30,0,independently_synthetic,independent-synthetic-v1,42,stable,0.875,2,0.7368055555555556,2
SIM-stable-00311,COURSE_D,20,11,40,29,1,independently_synthetic,independent-synthetic-v1,42,stable,0.55,9,0.7368055555555556,2
SIM-stable-00312,COURSE_A,20,17,40,34,0,independently_synthetic,independent-synthetic-v1,42,stable,0.85,3,0.7451388888888889,2
SIM-stable-00312,COURSE_B,18,10,36,26,1,independently_synthetic,independent-synthetic-v1,42,stable,0.5555555555555556,8,0.7451388888888889,2
SIM-stable-00312,COURSE_C,16,14,32,25,0,independently_synthetic,independent-synthetic-v1,42,stable,0.875,2,0.7451388888888889,2
SIM-stable-00312,COURSE_D,20,14,40,26,1,independently_synthetic,independent-synthetic-v1,42,stable,0.7,6,0.7451388888888889,2
SIM-stable-00313,COURSE_A,20,16,40,33,0,independently_synthetic,independent-synthetic-v1,42,stable,0.8,4,0.7739583333333333,1
SIM-stable-00313,COURSE_B,18,15,36,24,1,independently_synthetic,independent-synthetic-v1,42,stable,0.8333333333333334,3,0.7739583333333333,1
SIM-stable-00313,COURSE_C,16,13,32,29,0,independently_synthetic,independent-synthetic-v1,42,stable,0.8125,3,0.7739583333333333,1
SIM-stable-00313,COURSE_D,20,13,40,27,1,independently_synthetic,independent-synthetic-v1,42,stable,0.65,7,0.7739583333333333,1
SIM-stable-00314,COURSE_A,20,17,40,32,0,independently_synthetic,independent-synthetic-v1,42,stable,0.85,3,0.6805555555555556,2
SIM-stable-00314,COURSE_B,18,13,36,23,1,independently_synthetic,independent-synthetic-v1,42,stable,0.7222222222222222,5,0.6805555555555556,2
SIM-stable-00314,COURSE_C,16,12,32,24,0,independently_synthetic,independent-synthetic-v1,42,stable,0.75,4,0.6805555555555556,2
SIM-stable-00314,COURSE_D,20,8,40,31,1,independently_synthetic,independent-synthetic-v1,42,stable,0.4,12,0.6805555555555556,2
SIM-stable-00315,COURSE_A,20,16,40,32,0,independently_synthetic,independent-synthetic-v1,42,stable,0.8,4,0.7770833333333333,1
SIM-stable-00315,COURSE_B,18,15,36,32,0,independently_synthetic,independent-synthetic-v1,42,stable,0.8333333333333334,3,0.7770833333333333,1
SIM-stable-00315,COURSE_C,16,14,32,32,0,independently_synthetic,independent-synthetic-v1,42,stable,0.875,2,0.7770833333333333,1
SIM-stable-00315,COURSE_D,20,12,40,28,1,independently_synthetic,independent-synthetic-v1,42,stable,0.6,8,0.7770833333333333,1
SIM-stable-00316,COURSE_A,20,16,40,36,0,independently_synthetic,independent-synthetic-v1,42,stable,0.8,4,0.7711805555555555,1
SIM-stable-00316,COURSE_B,18,13,36,27,1,independently_synthetic,independent-synthetic-v1,42,stable,0.7222222222222222,5,0.7711805555555555,1
SIM-stable-00316,COURSE_C,16,13,32,28,0,independently_synthetic,independent-synthetic-v1,42,stable,0.8125,3,0.7711805555555555,1
SIM-stable-00316,COURSE_D,20,15,40,27,1,independently_synthetic,independent-synthetic-v1,42,stable,0.75,5,0.7711805555555555,1
SIM-stable-00317,COURSE_A,20,18,40,40,0,independently_synthetic,independent-synthetic-v1,42,stable,0.9,2,0.8673611111111111,0
SIM-stable-00317,COURSE_B,18,17,36,29,0,independently_synthetic,independent-synthetic-v1,42,stable,0.9444444444444444,1,0.8673611111111111,0
SIM-stable-00317,COURSE_C,16,14,32,30,0,independently_synthetic,independent-synthetic-v1,42,stable,0.875,2,0.8673611111111111,0
SIM-stable-00317,COURSE_D,20,15,40,27,1,independently_synthetic,independent-synthetic-v1,42,stable,0.75,5,0.8673611111111111,0
SIM-stable-00318,COURSE_A,20,13,40,24,1,independently_synthetic,independent-synthetic-v1,42,stable,0.65,7,0.5409722222222222,4
SIM-stable-00318,COURSE_B,18,7,36,21,1,independently_synthetic,independent-synthetic-v1,42,stable,0.3888888888888889,11,0.5409722222222222,4
SIM-stable-00318,COURSE_C,16,10,32,15,1,independently_synthetic,independent-synthetic-v1,42,stable,0.625,6,0.5409722222222222,4
SIM-stable-00318,COURSE_D,20,10,40,26,1,independently_synthetic,independent-synthetic-v1,42,stable,0.5,10,0.5409722222222222,4
SIM-stable-00319,COURSE_A,20,15,40,34,0,independently_synthetic,independent-synthetic-v1,42,stable,0.75,5,0.7666666666666666,2
SIM-stable-00319,COURSE_B,18,12,36,21,1,independently_synthetic,independent-synthetic-v1,42,stable,0.6666666666666666,6,0.7666666666666666,2
SIM-stable-00319,COURSE_C,16,16,32,30,0,independently_synthetic,independent-synthetic-v1,42,stable,1.0,0,0.7666666666666666,2
SIM-stable-00319,COURSE_D,20,13,40,30,1,independently_synthetic,independent-synthetic-v1,42,stable,0.65,7,0.7666666666666666,2
SIM-stable-00320,COURSE_A,20,12,40,29,1,independently_synthetic,independent-synthetic-v1,42,stable,0.6,8,0.7086805555555555,3
SIM-stable-00320,COURSE_B,18,13,36,17,1,independently_synthetic,independent-synthetic-v1,42,stable,0.7222222222222222,5,0.7086805555555555,3
SIM-stable-00320,COURSE_C,16,13,32,24,0,independently_synthetic,independent-synthetic-v1,42,stable,0.8125,3,0.7086805555555555,3
SIM-stable-00320,COURSE_D,20,14,40,22,1,independently_synthetic,independent-synthetic-v1,42,stable,0.7,6,0.7086805555555555,3
SIM-stable-00321,COURSE_A,20,19,40,39,0,independently_synthetic,independent-synthetic-v1,42,stable,0.95,1,0.9065972222222222,0
SIM-stable-00321,COURSE_B,18,16,36,28,0,independently_synthetic,independent-synthetic-v1,42,stable,0.8888888888888888,2,0.9065972222222222,0
SIM-stable-00321,COURSE_C,16,15,32,32,0,independently_synthetic,independent-synthetic-v1,42,stable,0.9375,1,0.9065972222222222,0
SIM-stable-00321,COURSE_D,20,17,40,29,0,independently_synthetic,independent-synthetic-v1,42,stable,0.85,3,0.9065972222222222,0
SIM-stable-00322,COURSE_A,20,15,40,35,0,independently_synthetic,independent-synthetic-v1,42,stable,0.75,5,0.7739583333333333,1
SIM-stable-00322,COURSE_B,18,15,36,30,0,independently_synthetic,independent-synthetic-v1,42,stable,0.8333333333333334,3,0.7739583333333333,1
SIM-stable-00322,COURSE_C,16,13,32,28,0,independently_synthetic,independent-synthetic-v1,42,stable,0.8125,3,0.7739583333333333,1
SIM-stable-00322,COURSE_D,20,14,40,30,1,independently_synthetic,independent-synthetic-v1,42,stable,0.7,6,0.7739583333333333,1
SIM-stable-00323,COURSE_A,20,12,40,25,1,independently_synthetic,independent-synthetic-v1,42,stable,0.6,8,0.7399305555555555,3
SIM-stable-00323,COURSE_B,18,13,36,22,1,independently_synthetic,independent-synthetic-v1,42,stable,0.7222222222222222,5,0.7399305555555555,3
SIM-stable-00323,COURSE_C,16,15,32,29,0,independently_synthetic,independent-synthetic-v1,42,stable,0.9375,1,0.7399305555555555,3
SIM-stable-00323,COURSE_D,20,14,40,27,1,independently_synthetic,independent-synthetic-v1,42,stable,0.7,6,0.7399305555555555,3
SIM-stable-00324,COURSE_A,20,18,40,40,0,independently_synthetic,independent-synthetic-v1,42,stable,0.9,2,0.9472222222222222,0
SIM-stable-00324,COURSE_B,18,16,36,35,0,independently_synthetic,independent-synthetic-v1,42,stable,0.8888888888888888,2,0.9472222222222222,0
SIM-stable-00324,COURSE_C,16,16,32,31,0,independently_synthetic,independent-synthetic-v1,42,stable,1.0,0,0.9472222222222222,0
SIM-stable-00324,COURSE_D,20,20,40,39,0,independently_synthetic,independent-synthetic-v1,42,stable,1.0,0,0.9472222222222222,0
SIM-stable-00325,COURSE_A,20,14,40,20,1,independently_synthetic,independent-synthetic-v1,42,stable,0.7,6,0.6510416666666666,4
SIM-stable-00325,COURSE_B,18,12,36,19,1,independently_synthetic,independent-synthetic-v1,42,stable,0.6666666666666666,6,0.6510416666666666,4
SIM-stable-00325,COURSE_C,16,11,32,23,1,independently_synthetic,independent-synthetic-v1,42,stable,0.6875,5,0.6510416666666666,4
SIM-stable-00325,COURSE_D,20,11,40,23,1,independently_synthetic,independent-synthetic-v1,42,stable,0.55,9,0.6510416666666666,4
SIM-stable-00326,COURSE_A,20,15,40,32,0,independently_synthetic,independent-synthetic-v1,42,stable,0.75,5,0.7888888888888889,1
SIM-stable-00326,COURSE_B,18,10,36,26,1,independently_synthetic,independent-synthetic-v1,42,stable,0.5555555555555556,8,0.7888888888888889,1
SIM-stable-00326,COURSE_C,16,16,32,28,0,independently_synthetic,independent-synthetic-v1,42,stable,1.0,0,0.7888888888888889,1
SIM-stable-00326,COURSE_D,20,17,40,26,1,independently_synthetic,independent-synthetic-v1,42,stable,0.85,3,0.7888888888888889,1
SIM-stable-00327,COURSE_A,20,18,40,26,1,independently_synthetic,independent-synthetic-v1,42,stable,0.9,2,0.8517361111111111,0
SIM-stable-00327,COURSE_B,18,17,36,32,0,independently_synthetic,independent-synthetic-v1,42,stable,0.9444444444444444,1,0.8517361111111111,0
SIM-stable-00327,COURSE_C,16,13,32,25,0,independently_synthetic,independent-synthetic-v1,42,stable,0.8125,3,0.8517361111111111,0
SIM-stable-00327,COURSE_D,20,15,40,28,1,independently_synthetic,independent-synthetic-v1,42,stable,0.75,5,0.8517361111111111,0
SIM-stable-00328,COURSE_A,20,16,40,30,0,independently_synthetic,independent-synthetic-v1,42,stable,0.8,4,0.8034722222222223,1
SIM-stable-00328,COURSE_B,18,16,36,35,0,independently_synthetic,independent-synthetic-v1,42,stable,0.8888888888888888,2,0.8034722222222223,1
SIM-stable-00328,COURSE_C,16,14,32,29,0,independently_synthetic,independent-synthetic-v1,42,stable,0.875,2,0.8034722222222223,1
SIM-stable-00328,COURSE_D,20,13,40,27,1,independently_synthetic,independent-synthetic-v1,42,stable,0.65,7,0.8034722222222223,1
SIM-stable-00329,COURSE_A,20,15,40,39,0,independently_synthetic,independent-synthetic-v1,42,stable,0.75,5,0.7916666666666666,1
SIM-stable-00329,COURSE_B,18,12,36,28,1,independently_synthetic,independent-synthetic-v1,42,stable,0.6666666666666666,6,0.7916666666666666,1
SIM-stable-00329,COURSE_C,16,16,32,31,0,independently_synthetic,independent-synthetic-v1,42,stable,1.0,0,0.7916666666666666,1
SIM-stable-00329,COURSE_D,20,15,40,34,0,independently_synthetic,independent-synthetic-v1,42,stable,0.75,5,0.7916666666666666,1
SIM-stable-00330,COURSE_A,20,18,40,29,0,independently_synthetic,independent-synthetic-v1,42,stable,0.9,2,0.7829861111111112,1
SIM-stable-00330,COURSE_B,18,8,36,26,1,independently_synthetic,independent-synthetic-v1,42,stable,0.4444444444444444,10,0.7829861111111112,1
SIM-stable-00330,COURSE_C,16,15,32,27,0,independently_synthetic,independent-synthetic-v1,42,stable,0.9375,1,0.7829861111111112,1
SIM-stable-00330,COURSE_D,20,17,40,33,0,independently_synthetic,independent-synthetic-v1,42,stable,0.85,3,0.7829861111111112,1
SIM-stable-00331,COURSE_A,20,15,40,35,0,independently_synthetic,independent-synthetic-v1,42,stable,0.75,5,0.7434027777777779,1
SIM-stable-00331,COURSE_B,18,11,36,20,1,independently_synthetic,independent-synthetic-v1,42,stable,0.6111111111111112,7,0.7434027777777779,1
SIM-stable-00331,COURSE_C,16,13,32,28,0,independently_synthetic,independent-synthetic-v1,42,stable,0.8125,3,0.7434027777777779,1
SIM-stable-00331,COURSE_D,20,16,40,33,0,independently_synthetic,independent-synthetic-v1,42,stable,0.8,4,0.7434027777777779,1
SIM-stable-00332,COURSE_A,20,13,40,29,1,independently_synthetic,independent-synthetic-v1,42,stable,0.65,7,0.6899305555555556,3
SIM-stable-00332,COURSE_B,18,13,36,24,1,independently_synthetic,independent-synthetic-v1,42,stable,0.7222222222222222,5,0.6899305555555556,3
SIM-stable-00332,COURSE_C,16,15,32,28,0,independently_synthetic,independent-synthetic-v1,42,stable,0.9375,1,0.6899305555555556,3
SIM-stable-00332,COURSE_D,20,9,40,25,1,independently_synthetic,independent-synthetic-v1,42,stable,0.45,11,0.6899305555555556,3
SIM-stable-00333,COURSE_A,20,15,40,34,0,independently_synthetic,independent-synthetic-v1,42,stable,0.75,5,0.7104166666666667,2
SIM-stable-00333,COURSE_B,18,12,36,25,1,independently_synthetic,independent-synthetic-v1,42,stable,0.6666666666666666,6,0.7104166666666667,2
SIM-stable-00333,COURSE_C,16,14,32,24,0,independently_synthetic,independent-synthetic-v1,42,stable,0.875,2,0.7104166666666667,2
SIM-stable-00333,COURSE_D,20,11,40,28,1,independently_synthetic,independent-synthetic-v1,42,stable,0.55,9,0.7104166666666667,2
SIM-stable-00334,COURSE_A,20,16,40,34,0,independently_synthetic,independent-synthetic-v1,42,stable,0.8,4,0.7760416666666666,2
SIM-stable-00334,COURSE_B,18,12,36,20,1,independently_synthetic,independent-synthetic-v1,42,stable,0.6666666666666666,6,0.7760416666666666,2
SIM-stable-00334,COURSE_C,16,15,32,29,0,independently_synthetic,independent-synthetic-v1,42,stable,0.9375,1,0.7760416666666666,2
SIM-stable-00334,COURSE_D,20,14,40,32,0,independently_synthetic,independent-synthetic-v1,42,stable,0.7,6,0.7760416666666666,2
SIM-stable-00335,COURSE_A,20,16,40,33,0,independently_synthetic,independent-synthetic-v1,42,stable,0.8,4,0.8350694444444444,0
SIM-stable-00335,COURSE_B,18,14,36,22,1,independently_synthetic,independent-synthetic-v1,42,stable,0.7777777777777778,4,0.8350694444444444,0
SIM-stable-00335,COURSE_C,16,13,32,26,0,independently_synthetic,independent-synthetic-v1,42,stable,0.8125,3,0.8350694444444444,0
SIM-stable-00335,COURSE_D,20,19,40,32,0,independently_synthetic,independent-synthetic-v1,42,stable,0.95,1,0.8350694444444444,0
SIM-stable-00336,COURSE_A,20,15,40,35,0,independently_synthetic,independent-synthetic-v1,42,stable,0.75,5,0.8190972222222221,1
SIM-stable-00336,COURSE_B,18,16,36,30,0,independently_synthetic,independent-synthetic-v1,42,stable,0.8888888888888888,2,0.8190972222222221,1
SIM-stable-00336,COURSE_C,16,15,32,32,0,independently_synthetic,independent-synthetic-v1,42,stable,0.9375,1,0.8190972222222221,1
SIM-stable-00336,COURSE_D,20,14,40,31,0,independently_synthetic,independent-synthetic-v1,42,stable,0.7,6,0.8190972222222221,1
SIM-stable-00337,COURSE_A,20,16,40,34,0,independently_synthetic,independent-synthetic-v1,42,stable,0.8,4,0.7854166666666667,1
SIM-stable-00337,COURSE_B,18,12,36,28,1,independently_synthetic,independent-synthetic-v1,42,stable,0.6666666666666666,6,0.7854166666666667,1
SIM-stable-00337,COURSE_C,16,14,32,29,0,independently_synthetic,independent-synthetic-v1,42,stable,0.875,2,0.7854166666666667,1
SIM-stable-00337,COURSE_D,20,16,40,33,0,independently_synthetic,independent-synthetic-v1,42,stable,0.8,4,0.7854166666666667,1
SIM-stable-00338,COURSE_A,20,17,40,37,0,independently_synthetic,independent-synthetic-v1,42,stable,0.85,3,0.8847222222222222,0
SIM-stable-00338,COURSE_B,18,16,36,31,0,independently_synthetic,independent-synthetic-v1,42,stable,0.8888888888888888,2,0.8847222222222222,0
SIM-stable-00338,COURSE_C,16,16,32,32,0,independently_synthetic,independent-synthetic-v1,42,stable,1.0,0,0.8847222222222222,0
SIM-stable-00338,COURSE_D,20,16,40,28,1,independently_synthetic,independent-synthetic-v1,42,stable,0.8,4,0.8847222222222222,0
SIM-stable-00339,COURSE_A,20,14,40,28,1,independently_synthetic,independent-synthetic-v1,42,stable,0.7,6,0.6572916666666666,4
SIM-stable-00339,COURSE_B,18,12,36,30,0,independently_synthetic,independent-synthetic-v1,42,stable,0.6666666666666666,6,0.6572916666666666,4
SIM-stable-00339,COURSE_C,16,9,32,24,1,independently_synthetic,independent-synthetic-v1,42,stable,0.5625,7,0.6572916666666666,4
SIM-stable-00339,COURSE_D,20,14,40,29,1,independently_synthetic,independent-synthetic-v1,42,stable,0.7,6,0.6572916666666666,4
SIM-stable-00340,COURSE_A,20,18,40,27,0,independently_synthetic,independent-synthetic-v1,42,stable,0.9,2,0.8319444444444445,1
SIM-stable-00340,COURSE_B,18,14,36,29,0,independently_synthetic,independent-synthetic-v1,42,stable,0.7777777777777778,4,0.8319444444444445,1
SIM-stable-00340,COURSE_C,16,16,32,32,0,independently_synthetic,independent-synthetic-v1,42,stable,1.0,0,0.8319444444444445,1
SIM-stable-00340,COURSE_D,20,13,40,19,1,independently_synthetic,independent-synthetic-v1,42,stable,0.65,7,0.8319444444444445,1
SIM-stable-00341,COURSE_A,20,19,40,35,0,independently_synthetic,independent-synthetic-v1,42,stable,0.95,1,0.8427083333333334,1
SIM-stable-00341,COURSE_B,18,15,36,29,0,independently_synthetic,independent-synthetic-v1,42,stable,0.8333333333333334,3,0.8427083333333334,1
SIM-stable-00341,COURSE_C,16,15,32,26,0,independently_synthetic,independent-synthetic-v1,42,stable,0.9375,1,0.8427083333333334,1
SIM-stable-00341,COURSE_D,20,13,40,25,1,independently_synthetic,independent-synthetic-v1,42,stable,0.65,7,0.8427083333333334,1
SIM-stable-00342,COURSE_A,20,12,40,30,1,independently_synthetic,independent-synthetic-v1,42,stable,0.6,8,0.7364583333333333,2
SIM-stable-00342,COURSE_B,18,15,36,27,0,independently_synthetic,independent-synthetic-v1,42,stable,0.8333333333333334,3,0.7364583333333333,2
SIM-stable-00342,COURSE_C,16,13,32,23,0,independently_synthetic,independent-synthetic-v1,42,stable,0.8125,3,0.7364583333333333,2
SIM-stable-00342,COURSE_D,20,14,40,24,1,independently_synthetic,independent-synthetic-v1,42,stable,0.7,6,0.7364583333333333,2
SIM-stable-00343,COURSE_A,20,17,40,32,0,independently_synthetic,independent-synthetic-v1,42,stable,0.85,3,0.8968750000000001,0
SIM-stable-00343,COURSE_B,18,18,36,30,0,independently_synthetic,independent-synthetic-v1,42,stable,1.0,0,0.8968750000000001,0
SIM-stable-00343,COURSE_C,16,15,32,31,0,independently_synthetic,independent-synthetic-v1,42,stable,0.9375,1,0.8968750000000001,0
SIM-stable-00343,COURSE_D,20,16,40,33,0,independently_synthetic,independent-synthetic-v1,42,stable,0.8,4,0.8968750000000001,0
SIM-stable-00344,COURSE_A,20,17,40,34,0,independently_synthetic,independent-synthetic-v1,42,stable,0.85,3,0.8270833333333334,0
SIM-stable-00344,COURSE_B,18,15,36,29,0,independently_synthetic,independent-synthetic-v1,42,stable,0.8333333333333334,3,0.8270833333333334,0
SIM-stable-00344,COURSE_C,16,14,32,28,0,independently_synthetic,independent-synthetic-v1,42,stable,0.875,2,0.8270833333333334,0
SIM-stable-00344,COURSE_D,20,15,40,31,0,independently_synthetic,independent-synthetic-v1,42,stable,0.75,5,0.8270833333333334,0
SIM-stable-00345,COURSE_A,20,15,40,32,0,independently_synthetic,independent-synthetic-v1,42,stable,0.75,5,0.7211805555555555,2
SIM-stable-00345,COURSE_B,18,13,36,27,1,independently_synthetic,independent-synthetic-v1,42,stable,0.7222222222222222,5,0.7211805555555555,2
SIM-stable-00345,COURSE_C,16,13,32,25,0,independently_synthetic,independent-synthetic-v1,42,stable,0.8125,3,0.7211805555555555,2
SIM-stable-00345,COURSE_D,20,12,40,26,1,independently_synthetic,independent-synthetic-v1,42,stable,0.6,8,0.7211805555555555,2
SIM-stable-00346,COURSE_A,20,13,40,25,1,independently_synthetic,independent-synthetic-v1,42,stable,0.65,7,0.6725694444444444,3
SIM-stable-00346,COURSE_B,18,14,36,30,0,independently_synthetic,independent-synthetic-v1,42,stable,0.7777777777777778,4,0.6725694444444444,3
SIM-stable-00346,COURSE_C,16,9,32,27,0,independently_synthetic,independent-synthetic-v1,42,stable,0.5625,7,0.6725694444444444,3
SIM-stable-00346,COURSE_D,20,14,40,19,1,independently_synthetic,independent-synthetic-v1,42,stable,0.7,6,0.6725694444444444,3
SIM-stable-00347,COURSE_A,20,16,40,34,0,independently_synthetic,independent-synthetic-v1,42,stable,0.8,4,0.853125,0
SIM-stable-00347,COURSE_B,18,18,36,25,0,independently_synthetic,independent-synthetic-v1,42,stable,1.0,0,0.853125,0
SIM-stable-00347,COURSE_C,16,13,32,26,0,independently_synthetic,independent-synthetic-v1,42,stable,0.8125,3,0.853125,0
SIM-stable-00347,COURSE_D,20,16,40,23,1,independently_synthetic,independent-synthetic-v1,42,stable,0.8,4,0.853125,0
SIM-stable-00348,COURSE_A,20,20,40,38,0,independently_synthetic,independent-synthetic-v1,42,stable,1.0,0,0.9347222222222222,0
SIM-stable-00348,COURSE_B,18,16,36,32,0,independently_synthetic,independent-synthetic-v1,42,stable,0.8888888888888888,2,0.9347222222222222,0
SIM-stable-00348,COURSE_C,16,16,32,31,0,independently_synthetic,independent-synthetic-v1,42,stable,1.0,0,0.9347222222222222,0
SIM-stable-00348,COURSE_D,20,17,40,38,0,independently_synthetic,independent-synthetic-v1,42,stable,0.85,3,0.9347222222222222,0
SIM-stable-00349,COURSE_A,20,20,40,37,0,independently_synthetic,independent-synthetic-v1,42,stable,1.0,0,0.959375,0
SIM-stable-00349,COURSE_B,18,18,36,36,0,independently_synthetic,independent-synthetic-v1,42,stable,1.0,0,0.959375,0
SIM-stable-00349,COURSE_C,16,15,32,31,0,independently_synthetic,independent-synthetic-v1,42,stable,0.9375,1,0.959375,0
SIM-stable-00349,COURSE_D,20,18,40,35,0,independently_synthetic,independent-synthetic-v1,42,stable,0.9,2,0.959375,0
SIM-stable-00350,COURSE_A,20,16,40,30,0,independently_synthetic,independent-synthetic-v1,42,stable,0.8,4,0.7885416666666667,1
SIM-stable-00350,COURSE_B,18,12,36,23,1,independently_synthetic,independent-synthetic-v1,42,stable,0.6666666666666666,6,0.7885416666666667,1
SIM-stable-00350,COURSE_C,16,15,32,24,0,independently_synthetic,independent-synthetic-v1,42,stable,0.9375,1,0.7885416666666667,1
SIM-stable-00350,COURSE_D,20,15,40,27,1,independently_synthetic,independent-synthetic-v1,42,stable,0.75,5,0.7885416666666667,1
SIM-stable-00351,COURSE_A,20,12,40,24,1,independently_synthetic,independent-synthetic-v1,42,stable,0.6,8,0.7180555555555556,3
SIM-stable-00351,COURSE_B,18,13,36,29,0,independently_synthetic,independent-synthetic-v1,42,stable,0.7222222222222222,5,0.7180555555555556,3
SIM-stable-00351,COURSE_C,16,16,32,31,0,independently_synthetic,independent-synthetic-v1,42,stable,1.0,0,0.7180555555555556,3
SIM-stable-00351,COURSE_D,20,11,40,28,1,independently_synthetic,independent-synthetic-v1,42,stable,0.55,9,0.7180555555555556,3
SIM-stable-00352,COURSE_A,20,14,40,29,1,independently_synthetic,independent-synthetic-v1,42,stable,0.7,6,0.6590277777777778,3
SIM-stable-00352,COURSE_B,18,11,36,23,1,independently_synthetic,independent-synthetic-v1,42,stable,0.6111111111111112,7,0.6590277777777778,3
SIM-stable-00352,COURSE_C,16,14,32,21,1,independently_synthetic,independent-synthetic-v1,42,stable,0.875,2,0.6590277777777778,3
SIM-stable-00352,COURSE_D,20,9,40,27,1,independently_synthetic,independent-synthetic-v1,42,stable,0.45,11,0.6590277777777778,3
SIM-stable-00353,COURSE_A,20,16,40,31,0,independently_synthetic,independent-synthetic-v1,42,stable,0.8,4,0.8024305555555555,1
SIM-stable-00353,COURSE_B,18,13,36,26,1,independently_synthetic,independent-synthetic-v1,42,stable,0.7222222222222222,5,0.8024305555555555,1
SIM-stable-00353,COURSE_C,16,15,32,26,0,independently_synthetic,independent-synthetic-v1,42,stable,0.9375,1,0.8024305555555555,1
SIM-stable-00353,COURSE_D,20,15,40,28,1,independently_synthetic,independent-synthetic-v1,42,stable,0.75,5,0.8024305555555555,1
SIM-stable-00354,COURSE_A,20,14,40,32,0,independently_synthetic,independent-synthetic-v1,42,stable,0.7,6,0.5614583333333333,3
SIM-stable-00354,COURSE_B,18,6,36,18,1,independently_synthetic,independent-synthetic-v1,42,stable,0.3333333333333333,12,0.5614583333333333,3
SIM-stable-00354,COURSE_C,16,13,32,25,0,independently_synthetic,independent-synthetic-v1,42,stable,0.8125,3,0.5614583333333333,3
SIM-stable-00354,COURSE_D,20,8,40,24,1,independently_synthetic,independent-synthetic-v1,42,stable,0.4,12,0.5614583333333333,3
SIM-stable-00355,COURSE_A,20,10,40,30,1,independently_synthetic,independent-synthetic-v1,42,stable,0.5,10,0.5760416666666667,4
SIM-stable-00355,COURSE_B,18,12,36,19,1,independently_synthetic,independent-synthetic-v1,42,stable,0.6666666666666666,6,0.5760416666666667,4
SIM-stable-00355,COURSE_C,16,11,32,25,0,independently_synthetic,independent-synthetic-v1,42,stable,0.6875,5,0.5760416666666667,4
SIM-stable-00355,COURSE_D,20,9,40,22,1,independently_synthetic,independent-synthetic-v1,42,stable,0.45,11,0.5760416666666667,4
SIM-stable-00356,COURSE_A,20,16,40,34,0,independently_synthetic,independent-synthetic-v1,42,stable,0.8,4,0.663888888888889,2
SIM-stable-00356,COURSE_B,18,10,36,25,1,independently_synthetic,independent-synthetic-v1,42,stable,0.5555555555555556,8,0.663888888888889,2
SIM-stable-00356,COURSE_C,16,12,32,23,1,independently_synthetic,independent-synthetic-v1,42,stable,0.75,4,0.663888888888889,2
SIM-stable-00356,COURSE_D,20,11,40,22,1,independently_synthetic,independent-synthetic-v1,42,stable,0.55,9,0.663888888888889,2
SIM-stable-00357,COURSE_A,20,15,40,33,0,independently_synthetic,independent-synthetic-v1,42,stable,0.75,5,0.7913194444444445,1
SIM-stable-00357,COURSE_B,18,14,36,24,1,independently_synthetic,independent-synthetic-v1,42,stable,0.7777777777777778,4,0.7913194444444445,1
SIM-stable-00357,COURSE_C,16,15,32,29,0,independently_synthetic,independent-synthetic-v1,42,stable,0.9375,1,0.7913194444444445,1
SIM-stable-00357,COURSE_D,20,14,40,28,1,independently_synthetic,independent-synthetic-v1,42,stable,0.7,6,0.7913194444444445,1
SIM-stable-00358,COURSE_A,20,18,40,35,0,independently_synthetic,independent-synthetic-v1,42,stable,0.9,2,0.8694444444444445,0
SIM-stable-00358,COURSE_B,18,14,36,30,0,independently_synthetic,independent-synthetic-v1,42,stable,0.7777777777777778,4,0.8694444444444445,0
SIM-stable-00358,COURSE_C,16,16,32,30,0,independently_synthetic,independent-synthetic-v1,42,stable,1.0,0,0.8694444444444445,0
SIM-stable-00358,COURSE_D,20,16,40,29,0,independently_synthetic,independent-synthetic-v1,42,stable,0.8,4,0.8694444444444445,0
SIM-stable-00359,COURSE_A,20,17,40,33,0,independently_synthetic,independent-synthetic-v1,42,stable,0.85,3,0.7993055555555555,1
SIM-stable-00359,COURSE_B,18,13,36,29,0,independently_synthetic,independent-synthetic-v1,42,stable,0.7222222222222222,5,0.7993055555555555,1
SIM-stable-00359,COURSE_C,16,14,32,29,0,independently_synthetic,independent-synthetic-v1,42,stable,0.875,2,0.7993055555555555,1
SIM-stable-00359,COURSE_D,20,15,40,25,1,independently_synthetic,independent-synthetic-v1,42,stable,0.75,5,0.7993055555555555,1
SIM-stable-00360,COURSE_A,20,15,40,32,0,independently_synthetic,independent-synthetic-v1,42,stable,0.75,5,0.65,2
SIM-stable-00360,COURSE_B,18,9,36,25,1,independently_synthetic,independent-synthetic-v1,42,stable,0.5,9,0.65,2
SIM-stable-00360,COURSE_C,16,8,32,20,1,independently_synthetic,independent-synthetic-v1,42,stable,0.5,8,0.65,2
SIM-stable-00360,COURSE_D,20,17,40,30,0,independently_synthetic,independent-synthetic-v1,42,stable,0.85,3,0.65,2
SIM-stable-00361,COURSE_A,20,18,40,32,0,independently_synthetic,independent-synthetic-v1,42,stable,0.9,2,0.8083333333333333,0
SIM-stable-00361,COURSE_B,18,15,36,30,0,independently_synthetic,independent-synthetic-v1,42,stable,0.8333333333333334,3,0.8083333333333333,0
SIM-stable-00361,COURSE_C,16,12,32,23,1,independently_synthetic,independent-synthetic-v1,42,stable,0.75,4,0.8083333333333333,0
SIM-stable-00361,COURSE_D,20,15,40,25,1,independently_synthetic,independent-synthetic-v1,42,stable,0.75,5,0.8083333333333333,0
SIM-stable-00362,COURSE_A,20,8,40,22,1,independently_synthetic,independent-synthetic-v1,42,stable,0.4,12,0.5239583333333333,3
SIM-stable-00362,COURSE_B,18,6,36,26,1,independently_synthetic,independent-synthetic-v1,42,stable,0.3333333333333333,12,0.5239583333333333,3
SIM-stable-00362,COURSE_C,16,13,32,26,0,independently_synthetic,independent-synthetic-v1,42,stable,0.8125,3,0.5239583333333333,3
SIM-stable-00362,COURSE_D,20,11,40,22,1,independently_synthetic,independent-synthetic-v1,42,stable,0.55,9,0.5239583333333333,3
SIM-stable-00363,COURSE_A,20,16,40,34,0,independently_synthetic,independent-synthetic-v1,42,stable,0.8,4,0.7743055555555556,2
SIM-stable-00363,COURSE_B,18,13,36,28,0,independently_synthetic,independent-synthetic-v1,42,stable,0.7222222222222222,5,0.7743055555555556,2
SIM-stable-00363,COURSE_C,16,14,32,32,0,independently_synthetic,independent-synthetic-v1,42,stable,0.875,2,0.7743055555555556,2
SIM-stable-00363,COURSE_D,20,14,40,31,0,independently_synthetic,independent-synthetic-v1,42,stable,0.7,6,0.7743055555555556,2
SIM-stable-00364,COURSE_A,20,17,40,24,1,independently_synthetic,independent-synthetic-v1,42,stable,0.85,3,0.7774305555555555,2
SIM-stable-00364,COURSE_B,18,13,36,21,1,independently_synthetic,independent-synthetic-v1,42,stable,0.7222222222222222,5,0.7774305555555555,2
SIM-stable-00364,COURSE_C,16,15,32,28,0,independently_synthetic,independent-synthetic-v1,42,stable,0.9375,1,0.7774305555555555,2
SIM-stable-00364,COURSE_D,20,12,40,26,1,independently_synthetic,independent-synthetic-v1,42,stable,0.6,8,0.7774305555555555,2
SIM-stable-00365,COURSE_A,20,13,40,34,0,independently_synthetic,independent-synthetic-v1,42,stable,0.65,7,0.8177083333333334,1
SIM-stable-00365,COURSE_B,18,15,36,28,0,independently_synthetic,independent-synthetic-v1,42,stable,0.8333333333333334,3,0.8177083333333334,1
SIM-stable-00365,COURSE_C,16,15,32,31,0,independently_synthetic,independent-synthetic-v1,42,stable,0.9375,1,0.8177083333333334,1
SIM-stable-00365,COURSE_D,20,17,40,27,1,independently_synthetic,independent-synthetic-v1,42,stable,0.85,3,0.8177083333333334,1
SIM-stable-00366,COURSE_A,20,13,40,24,1,independently_synthetic,independent-synthetic-v1,42,stable,0.65,7,0.7135416666666666,3
SIM-stable-00366,COURSE_B,18,12,36,24,1,independently_synthetic,independent-synthetic-v1,42,stable,0.6666666666666666,6,0.7135416666666666,3
SIM-stable-00366,COURSE_C,16,11,32,19,1,independently_synthetic,independent-synthetic-v1,42,stable,0.6875,5,0.7135416666666666,3
SIM-stable-00366,COURSE_D,20,17,40,27,1,independently_synthetic,independent-synthetic-v1,42,stable,0.85,3,0.7135416666666666,3
SIM-stable-00367,COURSE_A,20,17,40,32,0,independently_synthetic,independent-synthetic-v1,42,stable,0.85,3,0.7604166666666666,2
SIM-stable-00367,COURSE_B,18,12,36,25,1,independently_synthetic,independent-synthetic-v1,42,stable,0.6666666666666666,6,0.7604166666666666,2
SIM-stable-00367,COURSE_C,16,14,32,30,0,independently_synthetic,independent-synthetic-v1,42,stable,0.875,2,0.7604166666666666,2
SIM-stable-00367,COURSE_D,20,13,40,24,1,independently_synthetic,independent-synthetic-v1,42,stable,0.65,7,0.7604166666666666,2
SIM-stable-00368,COURSE_A,20,16,40,32,0,independently_synthetic,independent-synthetic-v1,42,stable,0.8,4,0.8444444444444444,0
SIM-stable-00368,COURSE_B,18,14,36,34,0,independently_synthetic,independent-synthetic-v1,42,stable,0.7777777777777778,4,0.8444444444444444,0
SIM-stable-00368,COURSE_C,16,16,32,32,0,independently_synthetic,independent-synthetic-v1,42,stable,1.0,0,0.8444444444444444,0
SIM-stable-00368,COURSE_D,20,16,40,32,0,independently_synthetic,independent-synthetic-v1,42,stable,0.8,4,0.8444444444444444,0
SIM-stable-00369,COURSE_A,20,18,40,37,0,independently_synthetic,independent-synthetic-v1,42,stable,0.9,2,0.9065972222222223,0
SIM-stable-00369,COURSE_B,18,16,36,27,0,independently_synthetic,independent-synthetic-v1,42,stable,0.8888888888888888,2,0.9065972222222223,0
SIM-stable-00369,COURSE_C,16,15,32,31,0,independently_synthetic,independent-synthetic-v1,42,stable,0.9375,1,0.9065972222222223,0
SIM-stable-00369,COURSE_D,20,18,40,26,1,independently_synthetic,independent-synthetic-v1,42,stable,0.9,2,0.9065972222222223,0
SIM-stable-00370,COURSE_A,20,20,40,36,0,independently_synthetic,independent-synthetic-v1,42,stable,1.0,0,0.8385416666666666,1
SIM-stable-00370,COURSE_B,18,12,36,30,0,independently_synthetic,independent-synthetic-v1,42,stable,0.6666666666666666,6,0.8385416666666666,1
SIM-stable-00370,COURSE_C,16,15,32,31,0,independently_synthetic,independent-synthetic-v1,42,stable,0.9375,1,0.8385416666666666,1
SIM-stable-00370,COURSE_D,20,15,40,28,1,independently_synthetic,independent-synthetic-v1,42,stable,0.75,5,0.8385416666666666,1
SIM-stable-00371,COURSE_A,20,18,40,33,0,independently_synthetic,independent-synthetic-v1,42,stable,0.9,2,0.8305555555555555,1
SIM-stable-00371,COURSE_B,18,13,36,25,1,independently_synthetic,independent-synthetic-v1,42,stable,0.7222222222222222,5,0.8305555555555555,1
SIM-stable-00371,COURSE_C,16,12,32,27,0,independently_synthetic,independent-synthetic-v1,42,stable,0.75,4,0.8305555555555555,1
SIM-stable-00371,COURSE_D,20,19,40,33,0,independently_synthetic,independent-synthetic-v1,42,stable,0.95,1,0.8305555555555555,1
SIM-stable-00372,COURSE_A,20,17,40,35,0,independently_synthetic,independent-synthetic-v1,42,stable,0.85,3,0.7729166666666667,2
SIM-stable-00372,COURSE_B,18,12,36,27,1,independently_synthetic,independent-synthetic-v1,42,stable,0.6666666666666666,6,0.7729166666666667,2
SIM-stable-00372,COURSE_C,16,14,32,26,0,independently_synthetic,independent-synthetic-v1,42,stable,0.875,2,0.7729166666666667,2
SIM-stable-00372,COURSE_D,20,14,40,31,0,independently_synthetic,independent-synthetic-v1,42,stable,0.7,6,0.7729166666666667,2
SIM-stable-00373,COURSE_A,20,11,40,25,1,independently_synthetic,independent-synthetic-v1,42,stable,0.55,9,0.6649305555555556,4
SIM-stable-00373,COURSE_B,18,13,36,27,1,independently_synthetic,independent-synthetic-v1,42,stable,0.7222222222222222,5,0.6649305555555556,4
SIM-stable-00373,COURSE_C,16,11,32,24,1,independently_synthetic,independent-synthetic-v1,42,stable,0.6875,5,0.6649305555555556,4
SIM-stable-00373,COURSE_D,20,14,40,22,1,independently_synthetic,independent-synthetic-v1,42,stable,0.7,6,0.6649305555555556,4
SIM-stable-00374,COURSE_A,20,10,40,21,1,independently_synthetic,independent-synthetic-v1,42,stable,0.5,10,0.5979166666666667,4
SIM-stable-00374,COURSE_B,18,12,36,20,1,independently_synthetic,independent-synthetic-v1,42,stable,0.6666666666666666,6,0.5979166666666667,4
SIM-stable-00374,COURSE_C,16,10,32,25,1,independently_synthetic,independent-synthetic-v1,42,stable,0.625,6,0.5979166666666667,4
SIM-stable-00374,COURSE_D,20,12,40,18,1,independently_synthetic,independent-synthetic-v1,42,stable,0.6,8,0.5979166666666667,4
SIM-stable-00375,COURSE_A,20,18,40,34,0,independently_synthetic,independent-synthetic-v1,42,stable,0.9,2,0.8645833333333334,0
SIM-stable-00375,COURSE_B,18,15,36,26,0,independently_synthetic,independent-synthetic-v1,42,stable,0.8333333333333334,3,0.8645833333333334,0
SIM-stable-00375,COURSE_C,16,14,32,31,0,independently_synthetic,independent-synthetic-v1,42,stable,0.875,2,0.8645833333333334,0
SIM-stable-00375,COURSE_D,20,17,40,31,0,independently_synthetic,independent-synthetic-v1,42,stable,0.85,3,0.8645833333333334,0
SIM-stable-00376,COURSE_A,20,20,40,36,0,independently_synthetic,independent-synthetic-v1,42,stable,1.0,0,0.8927083333333333,0
SIM-stable-00376,COURSE_B,18,15,36,26,0,independently_synthetic,independent-synthetic-v1,42,stable,0.8333333333333334,3,0.8927083333333333,0
SIM-stable-00376,COURSE_C,16,15,32,31,0,independently_synthetic,independent-synthetic-v1,42,stable,0.9375,1,0.8927083333333333,0
SIM-stable-00376,COURSE_D,20,16,40,31,0,independently_synthetic,independent-synthetic-v1,42,stable,0.8,4,0.8927083333333333,0
SIM-stable-00377,COURSE_A,20,13,40,17,1,independently_synthetic,independent-synthetic-v1,42,stable,0.65,7,0.6340277777777779,4
SIM-stable-00377,COURSE_B,18,11,36,16,1,independently_synthetic,independent-synthetic-v1,42,stable,0.6111111111111112,7,0.6340277777777779,4
SIM-stable-00377,COURSE_C,16,10,32,18,1,independently_synthetic,independent-synthetic-v1,42,stable,0.625,6,0.6340277777777779,4
SIM-stable-00377,COURSE_D,20,13,40,22,1,independently_synthetic,independent-synthetic-v1,42,stable,0.65,7,0.6340277777777779,4
SIM-stable-00378,COURSE_A,20,17,40,26,1,independently_synthetic,independent-synthetic-v1,42,stable,0.85,3,0.8020833333333334,1
SIM-stable-00378,COURSE_B,18,15,36,22,1,independently_synthetic,independent-synthetic-v1,42,stable,0.8333333333333334,3,0.8020833333333334,1
SIM-stable-00378,COURSE_C,16,14,32,25,0,independently_synthetic,independent-synthetic-v1,42,stable,0.875,2,0.8020833333333334,1
SIM-stable-00378,COURSE_D,20,13,40,27,1,independently_synthetic,independent-synthetic-v1,42,stable,0.65,7,0.8020833333333334,1
SIM-stable-00379,COURSE_A,20,15,40,30,0,independently_synthetic,independent-synthetic-v1,42,stable,0.75,5,0.8722222222222222,0
SIM-stable-00379,COURSE_B,18,16,36,30,0,independently_synthetic,independent-synthetic-v1,42,stable,0.8888888888888888,2,0.8722222222222222,0
SIM-stable-00379,COURSE_C,16,16,32,32,0,independently_synthetic,independent-synthetic-v1,42,stable,1.0,0,0.8722222222222222,0
SIM-stable-00379,COURSE_D,20,17,40,28,0,independently_synthetic,independent-synthetic-v1,42,stable,0.85,3,0.8722222222222222,0
SIM-stable-00380,COURSE_A,20,19,40,39,0,independently_synthetic,independent-synthetic-v1,42,stable,0.95,1,0.9333333333333333,0
SIM-stable-00380,COURSE_B,18,15,36,31,0,independently_synthetic,independent-synthetic-v1,42,stable,0.8333333333333334,3,0.9333333333333333,0
SIM-stable-00380,COURSE_C,16,16,32,32,0,independently_synthetic,independent-synthetic-v1,42,stable,1.0,0,0.9333333333333333,0
SIM-stable-00380,COURSE_D,20,19,40,34,0,independently_synthetic,independent-synthetic-v1,42,stable,0.95,1,0.9333333333333333,0
SIM-stable-00381,COURSE_A,20,19,40,32,0,independently_synthetic,independent-synthetic-v1,42,stable,0.95,1,0.7760416666666666,2
SIM-stable-00381,COURSE_B,18,12,36,25,1,independently_synthetic,independent-synthetic-v1,42,stable,0.6666666666666666,6,0.7760416666666666,2
SIM-stable-00381,COURSE_C,16,15,32,28,0,independently_synthetic,independent-synthetic-v1,42,stable,0.9375,1,0.7760416666666666,2
SIM-stable-00381,COURSE_D,20,11,40,28,1,independently_synthetic,independent-synthetic-v1,42,stable,0.55,9,0.7760416666666666,2
SIM-stable-00382,COURSE_A,20,15,40,28,1,independently_synthetic,independent-synthetic-v1,42,stable,0.75,5,0.6875,1
SIM-stable-00382,COURSE_B,18,9,36,21,1,independently_synthetic,independent-synthetic-v1,42,stable,0.5,9,0.6875,1
SIM-stable-00382,COURSE_C,16,12,32,24,0,independently_synthetic,independent-synthetic-v1,42,stable,0.75,4,0.6875,1
SIM-stable-00382,COURSE_D,20,15,40,30,0,independently_synthetic,independent-synthetic-v1,42,stable,0.75,5,0.6875,1
SIM-stable-00383,COURSE_A,20,18,40,25,1,independently_synthetic,independent-synthetic-v1,42,stable,0.9,2,0.6885416666666666,3
SIM-stable-00383,COURSE_B,18,12,36,23,1,independently_synthetic,independent-synthetic-v1,42,stable,0.6666666666666666,6,0.6885416666666666,3
SIM-stable-00383,COURSE_C,16,11,32,29,0,independently_synthetic,independent-synthetic-v1,42,stable,0.6875,5,0.6885416666666666,3
SIM-stable-00383,COURSE_D,20,10,40,26,1,independently_synthetic,independent-synthetic-v1,42,stable,0.5,10,0.6885416666666666,3
SIM-stable-00384,COURSE_A,20,17,40,34,0,independently_synthetic,independent-synthetic-v1,42,stable,0.85,3,0.7118055555555556,3
SIM-stable-00384,COURSE_B,18,13,36,20,1,independently_synthetic,independent-synthetic-v1,42,stable,0.7222222222222222,5,0.7118055555555556,3
SIM-stable-00384,COURSE_C,16,10,32,28,0,independently_synthetic,independent-synthetic-v1,42,stable,0.625,6,0.7118055555555556,3
SIM-stable-00384,COURSE_D,20,13,40,31,1,independently_synthetic,independent-synthetic-v1,42,stable,0.65,7,0.7118055555555556,3
SIM-stable-00385,COURSE_A,20,16,40,33,0,independently_synthetic,independent-synthetic-v1,42,stable,0.8,4,0.8177083333333334,1
SIM-stable-00385,COURSE_B,18,15,36,27,0,independently_synthetic,independent-synthetic-v1,42,stable,0.8333333333333334,3,0.8177083333333334,1
SIM-stable-00385,COURSE_C,16,15,32,31,0,independently_synthetic,independent-synthetic-v1,42,stable,0.9375,1,0.8177083333333334,1
SIM-stable-00385,COURSE_D,20,14,40,27,1,independently_synthetic,independent-synthetic-v1,42,stable,0.7,6,0.8177083333333334,1
SIM-stable-00386,COURSE_A,20,19,40,38,0,independently_synthetic,independent-synthetic-v1,42,stable,0.95,1,0.9065972222222222,0
SIM-stable-00386,COURSE_B,18,16,36,32,0,independently_synthetic,independent-synthetic-v1,42,stable,0.8888888888888888,2,0.9065972222222222,0
SIM-stable-00386,COURSE_C,16,15,32,28,0,independently_synthetic,independent-synthetic-v1,42,stable,0.9375,1,0.9065972222222222,0
SIM-stable-00386,COURSE_D,20,17,40,30,0,independently_synthetic,independent-synthetic-v1,42,stable,0.85,3,0.9065972222222222,0
SIM-stable-00387,COURSE_A,20,14,40,32,0,independently_synthetic,independent-synthetic-v1,42,stable,0.7,6,0.6197916666666666,4
SIM-stable-00387,COURSE_B,18,12,36,20,1,independently_synthetic,independent-synthetic-v1,42,stable,0.6666666666666666,6,0.6197916666666666,4
SIM-stable-00387,COURSE_C,16,9,32,26,1,independently_synthetic,independent-synthetic-v1,42,stable,0.5625,7,0.6197916666666666,4
SIM-stable-00387,COURSE_D,20,11,40,26,1,independently_synthetic,independent-synthetic-v1,42,stable,0.55,9,0.6197916666666666,4
SIM-stable-00388,COURSE_A,20,15,40,28,1,independently_synthetic,independent-synthetic-v1,42,stable,0.75,5,0.7524305555555555,2
SIM-stable-00388,COURSE_B,18,13,36,26,1,independently_synthetic,independent-synthetic-v1,42,stable,0.7222222222222222,5,0.7524305555555555,2
SIM-stable-00388,COURSE_C,16,15,32,32,0,independently_synthetic,independent-synthetic-v1,42,stable,0.9375,1,0.7524305555555555,2
SIM-stable-00388,COURSE_D,20,12,40,27,1,independently_synthetic,independent-synthetic-v1,42,stable,0.6,8,0.7524305555555555,2
SIM-stable-00389,COURSE_A,20,17,40,32,0,independently_synthetic,independent-synthetic-v1,42,stable,0.85,3,0.8163194444444444,1
SIM-stable-00389,COURSE_B,18,14,36,27,0,independently_synthetic,independent-synthetic-v1,42,stable,0.7777777777777778,4,0.8163194444444444,1
SIM-stable-00389,COURSE_C,16,15,32,24,0,independently_synthetic,independent-synthetic-v1,42,stable,0.9375,1,0.8163194444444444,1
SIM-stable-00389,COURSE_D,20,14,40,35,0,independently_synthetic,independent-synthetic-v1,42,stable,0.7,6,0.8163194444444444,1
SIM-stable-00390,COURSE_A,20,16,40,31,0,independently_synthetic,independent-synthetic-v1,42,stable,0.8,4,0.7604166666666666,2
SIM-stable-00390,COURSE_B,18,12,36,29,0,independently_synthetic,independent-synthetic-v1,42,stable,0.6666666666666666,6,0.7604166666666666,2
SIM-stable-00390,COURSE_C,16,14,32,21,1,independently_synthetic,independent-synthetic-v1,42,stable,0.875,2,0.7604166666666666,2
SIM-stable-00390,COURSE_D,20,14,40,29,1,independently_synthetic,independent-synthetic-v1,42,stable,0.7,6,0.7604166666666666,2
SIM-stable-00391,COURSE_A,20,10,40,25,1,independently_synthetic,independent-synthetic-v1,42,stable,0.5,10,0.6052083333333333,3
SIM-stable-00391,COURSE_B,18,15,36,25,1,independently_synthetic,independent-synthetic-v1,42,stable,0.8333333333333334,3,0.6052083333333333,3
SIM-stable-00391,COURSE_C,16,11,32,23,1,independently_synthetic,independent-synthetic-v1,42,stable,0.6875,5,0.6052083333333333,3
SIM-stable-00391,COURSE_D,20,8,40,23,1,independently_synthetic,independent-synthetic-v1,42,stable,0.4,12,0.6052083333333333,3
SIM-stable-00392,COURSE_A,20,14,40,24,1,independently_synthetic,independent-synthetic-v1,42,stable,0.7,6,0.7090277777777778,3
SIM-stable-00392,COURSE_B,18,11,36,26,1,independently_synthetic,independent-synthetic-v1,42,stable,0.6111111111111112,7,0.7090277777777778,3
SIM-stable-00392,COURSE_C,16,14,32,30,0,independently_synthetic,independent-synthetic-v1,42,stable,0.875,2,0.7090277777777778,3
SIM-stable-00392,COURSE_D,20,13,40,23,1,independently_synthetic,independent-synthetic-v1,42,stable,0.65,7,0.7090277777777778,3
SIM-stable-00393,COURSE_A,20,12,40,29,1,independently_synthetic,independent-synthetic-v1,42,stable,0.6,8,0.7506944444444444,1
SIM-stable-00393,COURSE_B,18,14,36,27,0,independently_synthetic,independent-synthetic-v1,42,stable,0.7777777777777778,4,0.7506944444444444,1
SIM-stable-00393,COURSE_C,16,14,32,25,0,independently_synthetic,independent-synthetic-v1,42,stable,0.875,2,0.7506944444444444,1
SIM-stable-00393,COURSE_D,20,15,40,31,0,independently_synthetic,independent-synthetic-v1,42,stable,0.75,5,0.7506944444444444,1
SIM-stable-00394,COURSE_A,20,19,40,39,0,independently_synthetic,independent-synthetic-v1,42,stable,0.95,1,0.88125,1
SIM-stable-00394,COURSE_B,18,18,36,28,0,independently_synthetic,independent-synthetic-v1,42,stable,1.0,0,0.88125,1
SIM-stable-00394,COURSE_C,16,14,32,30,0,independently_synthetic,independent-synthetic-v1,42,stable,0.875,2,0.88125,1
SIM-stable-00394,COURSE_D,20,14,40,35,0,independently_synthetic,independent-synthetic-v1,42,stable,0.7,6,0.88125,1
SIM-stable-00395,COURSE_A,20,14,40,25,1,independently_synthetic,independent-synthetic-v1,42,stable,0.7,6,0.678125,3
SIM-stable-00395,COURSE_B,18,9,36,18,1,independently_synthetic,independent-synthetic-v1,42,stable,0.5,9,0.678125,3
SIM-stable-00395,COURSE_C,16,13,32,24,0,independently_synthetic,independent-synthetic-v1,42,stable,0.8125,3,0.678125,3
SIM-stable-00395,COURSE_D,20,14,40,29,1,independently_synthetic,independent-synthetic-v1,42,stable,0.7,6,0.678125,3
SIM-stable-00396,COURSE_A,20,18,40,35,0,independently_synthetic,independent-synthetic-v1,42,stable,0.9,2,0.8805555555555555,1
SIM-stable-00396,COURSE_B,18,13,36,27,1,independently_synthetic,independent-synthetic-v1,42,stable,0.7222222222222222,5,0.8805555555555555,1
SIM-stable-00396,COURSE_C,16,16,32,24,0,independently_synthetic,independent-synthetic-v1,42,stable,1.0,0,0.8805555555555555,1
SIM-stable-00396,COURSE_D,20,18,40,30,0,independently_synthetic,independent-synthetic-v1,42,stable,0.9,2,0.8805555555555555,1
SIM-stable-00397,COURSE_A,20,13,40,32,0,independently_synthetic,independent-synthetic-v1,42,stable,0.65,7,0.6826388888888889,3
SIM-stable-00397,COURSE_B,18,10,36,25,1,independently_synthetic,independent-synthetic-v1,42,stable,0.5555555555555556,8,0.6826388888888889,3
SIM-stable-00397,COURSE_C,16,14,32,26,0,independently_synthetic,independent-synthetic-v1,42,stable,0.875,2,0.6826388888888889,3
SIM-stable-00397,COURSE_D,20,13,40,25,1,independently_synthetic,independent-synthetic-v1,42,stable,0.65,7,0.6826388888888889,3
SIM-stable-00398,COURSE_A,20,20,40,40,0,independently_synthetic,independent-synthetic-v1,42,stable,1.0,0,0.9097222222222222,0
SIM-stable-00398,COURSE_B,18,16,36,27,0,independently_synthetic,independent-synthetic-v1,42,stable,0.8888888888888888,2,0.9097222222222222,0
SIM-stable-00398,COURSE_C,16,16,32,31,0,independently_synthetic,independent-synthetic-v1,42,stable,1.0,0,0.9097222222222222,0
SIM-stable-00398,COURSE_D,20,15,40,34,0,independently_synthetic,independent-synthetic-v1,42,stable,0.75,5,0.9097222222222222,0
SIM-stable-00399,COURSE_A,20,19,40,40,0,independently_synthetic,independent-synthetic-v1,42,stable,0.95,1,0.9034722222222222,0
SIM-stable-00399,COURSE_B,18,16,36,31,0,independently_synthetic,independent-synthetic-v1,42,stable,0.8888888888888888,2,0.9034722222222222,0
SIM-stable-00399,COURSE_C,16,14,32,29,0,independently_synthetic,independent-synthetic-v1,42,stable,0.875,2,0.9034722222222222,0
SIM-stable-00399,COURSE_D,20,18,40,29,0,independently_synthetic,independent-synthetic-v1,42,stable,0.9,2,0.9034722222222222,0
SIM-stable-00400,COURSE_A,20,19,40,36,0,independently_synthetic,independent-synthetic-v1,42,stable,0.95,1,0.8524305555555556,1
SIM-stable-00400,COURSE_B,18,13,36,29,0,independently_synthetic,independent-synthetic-v1,42,stable,0.7222222222222222,5,0.8524305555555556,1
SIM-stable-00400,COURSE_C,16,15,32,31,0,independently_synthetic,independent-synthetic-v1,42,stable,0.9375,1,0.8524305555555556,1
SIM-stable-00400,COURSE_D,20,16,40,35,0,independently_synthetic,independent-synthetic-v1,42,stable,0.8,4,0.8524305555555556,1
SIM-stable-00401,COURSE_A,20,16,40,27,1,independently_synthetic,independent-synthetic-v1,42,stable,0.8,4,0.6829861111111111,2
SIM-stable-00401,COURSE_B,18,8,36,22,1,independently_synthetic,independent-synthetic-v1,42,stable,0.4444444444444444,10,0.6829861111111111,2
SIM-stable-00401,COURSE_C,16,11,32,23,1,independently_synthetic,independent-synthetic-v1,42,stable,0.6875,5,0.6829861111111111,2
SIM-stable-00401,COURSE_D,20,16,40,28,1,independently_synthetic,independent-synthetic-v1,42,stable,0.8,4,0.6829861111111111,2
SIM-stable-00402,COURSE_A,20,20,40,37,0,independently_synthetic,independent-synthetic-v1,42,stable,1.0,0,0.9222222222222223,0
SIM-stable-00402,COURSE_B,18,16,36,26,0,independently_synthetic,independent-synthetic-v1,42,stable,0.8888888888888888,2,0.9222222222222223,0
SIM-stable-00402,COURSE_C,16,16,32,32,0,independently_synthetic,independent-synthetic-v1,42,stable,1.0,0,0.9222222222222223,0
SIM-stable-00402,COURSE_D,20,16,40,33,0,independently_synthetic,independent-synthetic-v1,42,stable,0.8,4,0.9222222222222223,0
SIM-stable-00403,COURSE_A,20,12,40,20,1,independently_synthetic,independent-synthetic-v1,42,stable,0.6,8,0.6125,3
SIM-stable-00403,COURSE_B,18,9,36,21,1,independently_synthetic,independent-synthetic-v1,42,stable,0.5,9,0.6125,3
SIM-stable-00403,COURSE_C,16,12,32,23,1,independently_synthetic,independent-synthetic-v1,42,stable,0.75,4,0.6125,3
SIM-stable-00403,COURSE_D,20,12,40,25,1,independently_synthetic,independent-synthetic-v1,42,stable,0.6,8,0.6125,3
SIM-stable-00404,COURSE_A,20,18,40,28,0,independently_synthetic,independent-synthetic-v1,42,stable,0.9,2,0.8409722222222222,1
SIM-stable-00404,COURSE_B,18,16,36,31,0,independently_synthetic,independent-synthetic-v1,42,stable,0.8888888888888888,2,0.8409722222222222,1
SIM-stable-00404,COURSE_C,16,14,32,27,0,independently_synthetic,independent-synthetic-v1,42,stable,0.875,2,0.8409722222222222,1
SIM-stable-00404,COURSE_D,20,14,40,26,1,independently_synthetic,independent-synthetic-v1,42,stable,0.7,6,0.8409722222222222,1
SIM-stable-00405,COURSE_A,20,18,40,35,0,independently_synthetic,independent-synthetic-v1,42,stable,0.9,2,0.7913194444444445,1
SIM-stable-00405,COURSE_B,18,14,36,26,1,independently_synthetic,independent-synthetic-v1,42,stable,0.7777777777777778,4,0.7913194444444445,1
SIM-stable-00405,COURSE_C,16,15,32,30,0,independently_synthetic,independent-synthetic-v1,42,stable,0.9375,1,0.7913194444444445,1
SIM-stable-00405,COURSE_D,20,11,40,28,1,independently_synthetic,independent-synthetic-v1,42,stable,0.55,9,0.7913194444444445,1
SIM-stable-00406,COURSE_A,20,12,40,28,1,independently_synthetic,independent-synthetic-v1,42,stable,0.6,8,0.6246527777777777,4
SIM-stable-00406,COURSE_B,18,11,36,18,1,independently_synthetic,independent-synthetic-v1,42,stable,0.6111111111111112,7,0.6246527777777777,4
SIM-stable-00406,COURSE_C,16,11,32,22,1,independently_synthetic,independent-synthetic-v1,42,stable,0.6875,5,0.6246527777777777,4
SIM-stable-00406,COURSE_D,20,12,40,28,1,independently_synthetic,independent-synthetic-v1,42,stable,0.6,8,0.6246527777777777,4
SIM-stable-00407,COURSE_A,20,19,40,40,0,independently_synthetic,independent-synthetic-v1,42,stable,0.95,1,0.8260416666666667,1
SIM-stable-00407,COURSE_B,18,12,36,25,1,independently_synthetic,independent-synthetic-v1,42,stable,0.6666666666666666,6,0.8260416666666667,1
SIM-stable-00407,COURSE_C,16,15,32,31,0,independently_synthetic,independent-synthetic-v1,42,stable,0.9375,1,0.8260416666666667,1
SIM-stable-00407,COURSE_D,20,15,40,27,1,independently_synthetic,independent-synthetic-v1,42,stable,0.75,5,0.8260416666666667,1
SIM-stable-00408,COURSE_A,20,16,40,33,0,independently_synthetic,independent-synthetic-v1,42,stable,0.8,4,0.7993055555555556,1
SIM-stable-00408,COURSE_B,18,13,36,31,0,independently_synthetic,independent-synthetic-v1,42,stable,0.7222222222222222,5,0.7993055555555556,1
SIM-stable-00408,COURSE_C,16,14,32,28,0,independently_synthetic,independent-synthetic-v1,42,stable,0.875,2,0.7993055555555556,1
SIM-stable-00408,COURSE_D,20,16,40,30,0,independently_synthetic,independent-synthetic-v1,42,stable,0.8,4,0.7993055555555556,1
SIM-stable-00409,COURSE_A,20,20,40,31,0,independently_synthetic,independent-synthetic-v1,42,stable,1.0,0,0.8663194444444444,0
SIM-stable-00409,COURSE_B,18,14,36,27,0,independently_synthetic,independent-synthetic-v1,42,stable,0.7777777777777778,4,0.8663194444444444,0
SIM-stable-00409,COURSE_C,16,15,32,27,0,independently_synthetic,independent-synthetic-v1,42,stable,0.9375,1,0.8663194444444444,0
SIM-stable-00409,COURSE_D,20,15,40,35,0,independently_synthetic,independent-synthetic-v1,42,stable,0.75,5,0.8663194444444444,0
SIM-stable-00410,COURSE_A,20,16,40,31,0,independently_synthetic,independent-synthetic-v1,42,stable,0.8,4,0.6381944444444445,2
SIM-stable-00410,COURSE_B,18,14,36,25,1,independently_synthetic,independent-synthetic-v1,42,stable,0.7777777777777778,4,0.6381944444444445,2
SIM-stable-00410,COURSE_C,16,10,32,25,1,independently_synthetic,independent-synthetic-v1,42,stable,0.625,6,0.6381944444444445,2
SIM-stable-00410,COURSE_D,20,7,40,23,1,independently_synthetic,independent-synthetic-v1,42,stable,0.35,13,0.6381944444444445,2
SIM-stable-00411,COURSE_A,20,17,40,34,0,independently_synthetic,independent-synthetic-v1,42,stable,0.85,3,0.8159722222222222,1
SIM-stable-00411,COURSE_B,18,16,36,26,0,independently_synthetic,independent-synthetic-v1,42,stable,0.8888888888888888,2,0.8159722222222222,1
SIM-stable-00411,COURSE_C,16,14,32,28,0,independently_synthetic,independent-synthetic-v1,42,stable,0.875,2,0.8159722222222222,1
SIM-stable-00411,COURSE_D,20,13,40,30,1,independently_synthetic,independent-synthetic-v1,42,stable,0.65,7,0.8159722222222222,1
SIM-stable-00412,COURSE_A,20,14,40,33,0,independently_synthetic,independent-synthetic-v1,42,stable,0.7,6,0.8177083333333334,1
SIM-stable-00412,COURSE_B,18,15,36,30,0,independently_synthetic,independent-synthetic-v1,42,stable,0.8333333333333334,3,0.8177083333333334,1
SIM-stable-00412,COURSE_C,16,15,32,32,0,independently_synthetic,independent-synthetic-v1,42,stable,0.9375,1,0.8177083333333334,1
SIM-stable-00412,COURSE_D,20,16,40,28,1,independently_synthetic,independent-synthetic-v1,42,stable,0.8,4,0.8177083333333334,1
SIM-stable-00413,COURSE_A,20,17,40,40,0,independently_synthetic,independent-synthetic-v1,42,stable,0.85,3,0.7649305555555556,2
SIM-stable-00413,COURSE_B,18,13,36,23,1,independently_synthetic,independent-synthetic-v1,42,stable,0.7222222222222222,5,0.7649305555555556,2
SIM-stable-00413,COURSE_C,16,11,32,26,0,independently_synthetic,independent-synthetic-v1,42,stable,0.6875,5,0.7649305555555556,2
SIM-stable-00413,COURSE_D,20,16,40,30,0,independently_synthetic,independent-synthetic-v1,42,stable,0.8,4,0.7649305555555556,2
SIM-stable-00414,COURSE_A,20,19,40,32,0,independently_synthetic,independent-synthetic-v1,42,stable,0.95,1,0.6736111111111112,2
SIM-stable-00414,COURSE_B,18,8,36,26,1,independently_synthetic,independent-synthetic-v1,42,stable,0.4444444444444444,10,0.6736111111111112,2
SIM-stable-00414,COURSE_C,16,12,32,24,0,independently_synthetic,independent-synthetic-v1,42,stable,0.75,4,0.6736111111111112,2
SIM-stable-00414,COURSE_D,20,11,40,31,1,independently_synthetic,independent-synthetic-v1,42,stable,0.55,9,0.6736111111111112,2
SIM-stable-00415,COURSE_A,20,16,40,32,0,independently_synthetic,independent-synthetic-v1,42,stable,0.8,4,0.7569444444444444,1
SIM-stable-00415,COURSE_B,18,14,36,26,1,independently_synthetic,independent-synthetic-v1,42,stable,0.7777777777777778,4,0.7569444444444444,1
SIM-stable-00415,COURSE_C,16,12,32,28,0,independently_synthetic,independent-synthetic-v1,42,stable,0.75,4,0.7569444444444444,1
SIM-stable-00415,COURSE_D,20,14,40,33,0,independently_synthetic,independent-synthetic-v1,42,stable,0.7,6,0.7569444444444444,1
SIM-stable-00416,COURSE_A,20,20,40,40,0,independently_synthetic,independent-synthetic-v1,42,stable,1.0,0,0.925,1
SIM-stable-00416,COURSE_B,18,18,36,31,0,independently_synthetic,independent-synthetic-v1,42,stable,1.0,0,0.925,1
SIM-stable-00416,COURSE_C,16,16,32,32,0,independently_synthetic,independent-synthetic-v1,42,stable,1.0,0,0.925,1
SIM-stable-00416,COURSE_D,20,14,40,33,0,independently_synthetic,independent-synthetic-v1,42,stable,0.7,6,0.925,1
SIM-stable-00417,COURSE_A,20,15,40,34,0,independently_synthetic,independent-synthetic-v1,42,stable,0.75,5,0.7402777777777778,2
SIM-stable-00417,COURSE_B,18,11,36,21,1,independently_synthetic,independent-synthetic-v1,42,stable,0.6111111111111112,7,0.7402777777777778,2
SIM-stable-00417,COURSE_C,16,16,32,24,0,independently_synthetic,independent-synthetic-v1,42,stable,1.0,0,0.7402777777777778,2
SIM-stable-00417,COURSE_D,20,12,40,24,1,independently_synthetic,independent-synthetic-v1,42,stable,0.6,8,0.7402777777777778,2
SIM-stable-00418,COURSE_A,20,16,40,29,0,independently_synthetic,independent-synthetic-v1,42,stable,0.8,4,0.7385416666666667,2
SIM-stable-00418,COURSE_B,18,12,36,27,1,independently_synthetic,independent-synthetic-v1,42,stable,0.6666666666666666,6,0.7385416666666667,2
SIM-stable-00418,COURSE_C,16,11,32,28,0,independently_synthetic,independent-synthetic-v1,42,stable,0.6875,5,0.7385416666666667,2
SIM-stable-00418,COURSE_D,20,16,40,35,0,independently_synthetic,independent-synthetic-v1,42,stable,0.8,4,0.7385416666666667,2
SIM-stable-00419,COURSE_A,20,15,40,34,0,independently_synthetic,independent-synthetic-v1,42,stable,0.75,5,0.7715277777777778,1
SIM-stable-00419,COURSE_B,18,11,36,27,1,independently_synthetic,independent-synthetic-v1,42,stable,0.6111111111111112,7,0.7715277777777778,1
SIM-stable-00419,COURSE_C,16,14,32,25,0,independently_synthetic,independent-synthetic-v1,42,stable,0.875,2,0.7715277777777778,1
SIM-stable-00419,COURSE_D,20,17,40,29,0,independently_synthetic,independent-synthetic-v1,42,stable,0.85,3,0.7715277777777778,1
SIM-stable-00420,COURSE_A,20,20,40,32,0,independently_synthetic,independent-synthetic-v1,42,stable,1.0,0,0.8708333333333333,1
SIM-stable-00420,COURSE_B,18,15,36,29,0,independently_synthetic,independent-synthetic-v1,42,stable,0.8333333333333334,3,0.8708333333333333,1
SIM-stable-00420,COURSE_C,16,16,32,32,0,independently_synthetic,independent-synthetic-v1,42,stable,1.0,0,0.8708333333333333,1
SIM-stable-00420,COURSE_D,20,13,40,29,1,independently_synthetic,independent-synthetic-v1,42,stable,0.65,7,0.8708333333333333,1
SIM-stable-00421,COURSE_A,20,19,40,31,0,independently_synthetic,independent-synthetic-v1,42,stable,0.95,1,0.8940972222222222,0
SIM-stable-00421,COURSE_B,18,16,36,28,0,independently_synthetic,independent-synthetic-v1,42,stable,0.8888888888888888,2,0.8940972222222222,0
SIM-stable-00421,COURSE_C,16,15,32,27,0,independently_synthetic,independent-synthetic-v1,42,stable,0.9375,1,0.8940972222222222,0
SIM-stable-00421,COURSE_D,20,16,40,29,0,independently_synthetic,independent-synthetic-v1,42,stable,0.8,4,0.8940972222222222,0
SIM-stable-00422,COURSE_A,20,10,40,27,1,independently_synthetic,independent-synthetic-v1,42,stable,0.5,10,0.5684027777777778,4
SIM-stable-00422,COURSE_B,18,11,36,22,1,independently_synthetic,independent-synthetic-v1,42,stable,0.6111111111111112,7,0.5684027777777778,4
SIM-stable-00422,COURSE_C,16,9,32,24,1,independently_synthetic,independent-synthetic-v1,42,stable,0.5625,7,0.5684027777777778,4
SIM-stable-00422,COURSE_D,20,12,40,25,1,independently_synthetic,independent-synthetic-v1,42,stable,0.6,8,0.5684027777777778,4
SIM-stable-00423,COURSE_A,20,17,40,29,0,independently_synthetic,independent-synthetic-v1,42,stable,0.85,3,0.7947916666666667,1
SIM-stable-00423,COURSE_B,18,12,36,24,1,independently_synthetic,independent-synthetic-v1,42,stable,0.6666666666666666,6,0.7947916666666667,1
SIM-stable-00423,COURSE_C,16,13,32,19,1,independently_synthetic,independent-synthetic-v1,42,stable,0.8125,3,0.7947916666666667,1
SIM-stable-00423,COURSE_D,20,17,40,31,0,independently_synthetic,independent-synthetic-v1,42,stable,0.85,3,0.7947916666666667,1
SIM-stable-00424,COURSE_A,20,15,40,33,0,independently_synthetic,independent-synthetic-v1,42,stable,0.75,5,0.6892361111111112,1
SIM-stable-00424,COURSE_B,18,8,36,25,1,independently_synthetic,independent-synthetic-v1,42,stable,0.4444444444444444,10,0.6892361111111112,1
SIM-stable-00424,COURSE_C,16,13,32,23,0,independently_synthetic,independent-synthetic-v1,42,stable,0.8125,3,0.6892361111111112,1
SIM-stable-00424,COURSE_D,20,15,40,19,1,independently_synthetic,independent-synthetic-v1,42,stable,0.75,5,0.6892361111111112,1
SIM-stable-00425,COURSE_A,20,12,40,25,1,independently_synthetic,independent-synthetic-v1,42,stable,0.6,8,0.6805555555555556,3
SIM-stable-00425,COURSE_B,18,13,36,23,1,independently_synthetic,independent-synthetic-v1,42,stable,0.7222222222222222,5,0.6805555555555556,3
SIM-stable-00425,COURSE_C,16,12,32,28,0,independently_synthetic,independent-synthetic-v1,42,stable,0.75,4,0.6805555555555556,3
SIM-stable-00425,COURSE_D,20,13,40,25,1,independently_synthetic,independent-synthetic-v1,42,stable,0.65,7,0.6805555555555556,3
SIM-stable-00426,COURSE_A,20,18,40,40,0,independently_synthetic,independent-synthetic-v1,42,stable,0.9,2,0.8510416666666667,1
SIM-stable-00426,COURSE_B,18,12,36,22,1,independently_synthetic,independent-synthetic-v1,42,stable,0.6666666666666666,6,0.8510416666666667,1
SIM-stable-00426,COURSE_C,16,15,32,30,0,independently_synthetic,independent-synthetic-v1,42,stable,0.9375,1,0.8510416666666667,1
SIM-stable-00426,COURSE_D,20,18,40,26,1,independently_synthetic,independent-synthetic-v1,42,stable,0.9,2,0.8510416666666667,1
SIM-stable-00427,COURSE_A,20,16,40,35,0,independently_synthetic,independent-synthetic-v1,42,stable,0.8,4,0.7197916666666666,2
SIM-stable-00427,COURSE_B,18,12,36,21,1,independently_synthetic,independent-synthetic-v1,42,stable,0.6666666666666666,6,0.7197916666666666,2
SIM-stable-00427,COURSE_C,16,13,32,29,0,independently_synthetic,independent-synthetic-v1,42,stable,0.8125,3,0.7197916666666666,2
SIM-stable-00427,COURSE_D,20,12,40,27,1,independently_synthetic,independent-synthetic-v1,42,stable,0.6,8,0.7197916666666666,2
SIM-stable-00428,COURSE_A,20,18,40,39,0,independently_synthetic,independent-synthetic-v1,42,stable,0.9,2,0.8444444444444444,1
SIM-stable-00428,COURSE_B,18,14,36,26,1,independently_synthetic,independent-synthetic-v1,42,stable,0.7777777777777778,4,0.8444444444444444,1
SIM-stable-00428,COURSE_C,16,16,32,25,0,independently_synthetic,independent-synthetic-v1,42,stable,1.0,0,0.8444444444444444,1
SIM-stable-00428,COURSE_D,20,14,40,35,0,independently_synthetic,independent-synthetic-v1,42,stable,0.7,6,0.8444444444444444,1
SIM-stable-00429,COURSE_A,20,19,40,36,0,independently_synthetic,independent-synthetic-v1,42,stable,0.95,1,0.8256944444444444,1
SIM-stable-00429,COURSE_B,18,14,36,22,1,independently_synthetic,independent-synthetic-v1,42,stable,0.7777777777777778,4,0.8256944444444444,1
SIM-stable-00429,COURSE_C,16,14,32,31,0,independently_synthetic,independent-synthetic-v1,42,stable,0.875,2,0.8256944444444444,1
SIM-stable-00429,COURSE_D,20,14,40,24,1,independently_synthetic,independent-synthetic-v1,42,stable,0.7,6,0.8256944444444444,1
SIM-stable-00430,COURSE_A,20,16,40,35,0,independently_synthetic,independent-synthetic-v1,42,stable,0.8,4,0.7958333333333334,0
SIM-stable-00430,COURSE_B,18,15,36,25,1,independently_synthetic,independent-synthetic-v1,42,stable,0.8333333333333334,3,0.7958333333333334,0
SIM-stable-00430,COURSE_C,16,12,32,28,0,independently_synthetic,independent-synthetic-v1,42,stable,0.75,4,0.7958333333333334,0
SIM-stable-00430,COURSE_D,20,16,40,32,0,independently_synthetic,independent-synthetic-v1,42,stable,0.8,4,0.7958333333333334,0
SIM-stable-00431,COURSE_A,20,15,40,35,0,independently_synthetic,independent-synthetic-v1,42,stable,0.75,5,0.8305555555555555,1
SIM-stable-00431,COURSE_B,18,13,36,31,0,independently_synthetic,independent-synthetic-v1,42,stable,0.7222222222222222,5,0.8305555555555555,1
SIM-stable-00431,COURSE_C,16,16,32,30,0,independently_synthetic,independent-synthetic-v1,42,stable,1.0,0,0.8305555555555555,1
SIM-stable-00431,COURSE_D,20,17,40,27,1,independently_synthetic,independent-synthetic-v1,42,stable,0.85,3,0.8305555555555555,1
SIM-stable-00432,COURSE_A,20,15,40,28,1,independently_synthetic,independent-synthetic-v1,42,stable,0.75,5,0.8194444444444444,0
SIM-stable-00432,COURSE_B,18,14,36,28,0,independently_synthetic,independent-synthetic-v1,42,stable,0.7777777777777778,4,0.8194444444444444,0
SIM-stable-00432,COURSE_C,16,16,32,29,0,independently_synthetic,independent-synthetic-v1,42,stable,1.0,0,0.8194444444444444,0
SIM-stable-00432,COURSE_D,20,15,40,25,1,independently_synthetic,independent-synthetic-v1,42,stable,0.75,5,0.8194444444444444,0
SIM-stable-00433,COURSE_A,20,18,40,36,0,independently_synthetic,independent-synthetic-v1,42,stable,0.9,2,0.8642361111111111,0
SIM-stable-00433,COURSE_B,18,17,36,31,0,independently_synthetic,independent-synthetic-v1,42,stable,0.9444444444444444,1,0.8642361111111111,0
SIM-stable-00433,COURSE_C,16,13,32,29,0,independently_synthetic,independent-synthetic-v1,42,stable,0.8125,3,0.8642361111111111,0
SIM-stable-00433,COURSE_D,20,16,40,29,0,independently_synthetic,independent-synthetic-v1,42,stable,0.8,4,0.8642361111111111,0
SIM-stable-00434,COURSE_A,20,19,40,38,0,independently_synthetic,independent-synthetic-v1,42,stable,0.95,1,0.8243055555555555,1
SIM-stable-00434,COURSE_B,18,13,36,32,0,independently_synthetic,independent-synthetic-v1,42,stable,0.7222222222222222,5,0.8243055555555555,1
SIM-stable-00434,COURSE_C,16,14,32,29,0,independently_synthetic,independent-synthetic-v1,42,stable,0.875,2,0.8243055555555555,1
SIM-stable-00434,COURSE_D,20,15,40,32,0,independently_synthetic,independent-synthetic-v1,42,stable,0.75,5,0.8243055555555555,1
SIM-stable-00435,COURSE_A,20,17,40,36,0,independently_synthetic,independent-synthetic-v1,42,stable,0.85,3,0.8118055555555556,1
SIM-stable-00435,COURSE_B,18,13,36,30,0,independently_synthetic,independent-synthetic-v1,42,stable,0.7222222222222222,5,0.8118055555555556,1
SIM-stable-00435,COURSE_C,16,14,32,24,0,independently_synthetic,independent-synthetic-v1,42,stable,0.875,2,0.8118055555555556,1
SIM-stable-00435,COURSE_D,20,16,40,25,1,independently_synthetic,independent-synthetic-v1,42,stable,0.8,4,0.8118055555555556,1
SIM-stable-00436,COURSE_A,20,14,40,30,1,independently_synthetic,independent-synthetic-v1,42,stable,0.7,6,0.6965277777777777,3
SIM-stable-00436,COURSE_B,18,11,36,26,1,independently_synthetic,independent-synthetic-v1,42,stable,0.6111111111111112,7,0.6965277777777777,3
SIM-stable-00436,COURSE_C,16,14,32,28,0,independently_synthetic,independent-synthetic-v1,42,stable,0.875,2,0.6965277777777777,3
SIM-stable-00436,COURSE_D,20,12,40,21,1,independently_synthetic,independent-synthetic-v1,42,stable,0.6,8,0.6965277777777777,3
SIM-stable-00437,COURSE_A,20,17,40,33,0,independently_synthetic,independent-synthetic-v1,42,stable,0.85,3,0.7930555555555555,1
SIM-stable-00437,COURSE_B,18,13,36,24,1,independently_synthetic,independent-synthetic-v1,42,stable,0.7222222222222222,5,0.7930555555555555,1
SIM-stable-00437,COURSE_C,16,12,32,23,1,independently_synthetic,independent-synthetic-v1,42,stable,0.75,4,0.7930555555555555,1
SIM-stable-00437,COURSE_D,20,17,40,30,0,independently_synthetic,independent-synthetic-v1,42,stable,0.85,3,0.7930555555555555,1
SIM-stable-00438,COURSE_A,20,13,40,37,0,independently_synthetic,independent-synthetic-v1,42,stable,0.65,7,0.6920138888888889,2
SIM-stable-00438,COURSE_B,18,10,36,22,1,independently_synthetic,independent-synthetic-v1,42,stable,0.5555555555555556,8,0.6920138888888889,2
SIM-stable-00438,COURSE_C,16,13,32,29,0,independently_synthetic,independent-synthetic-v1,42,stable,0.8125,3,0.6920138888888889,2
SIM-stable-00438,COURSE_D,20,15,40,31,0,independently_synthetic,independent-synthetic-v1,42,stable,0.75,5,0.6920138888888889,2
SIM-stable-00439,COURSE_A,20,18,40,34,0,independently_synthetic,independent-synthetic-v1,42,stable,0.9,2,0.8256944444444445,0
SIM-stable-00439,COURSE_B,18,14,36,27,0,independently_synthetic,independent-synthetic-v1,42,stable,0.7777777777777778,4,0.8256944444444445,0
SIM-stable-00439,COURSE_C,16,14,32,26,0,independently_synthetic,independent-synthetic-v1,42,stable,0.875,2,0.8256944444444445,0
SIM-stable-00439,COURSE_D,20,15,40,35,0,independently_synthetic,independent-synthetic-v1,42,stable,0.75,5,0.8256944444444445,0
SIM-stable-00440,COURSE_A,20,20,40,35,0,independently_synthetic,independent-synthetic-v1,42,stable,1.0,0,0.7947916666666667,2
SIM-stable-00440,COURSE_B,18,12,36,30,0,independently_synthetic,independent-synthetic-v1,42,stable,0.6666666666666666,6,0.7947916666666667,2
SIM-stable-00440,COURSE_C,16,13,32,31,0,independently_synthetic,independent-synthetic-v1,42,stable,0.8125,3,0.7947916666666667,2
SIM-stable-00440,COURSE_D,20,14,40,24,1,independently_synthetic,independent-synthetic-v1,42,stable,0.7,6,0.7947916666666667,2
SIM-stable-00441,COURSE_A,20,15,40,33,0,independently_synthetic,independent-synthetic-v1,42,stable,0.75,5,0.6774305555555555,3
SIM-stable-00441,COURSE_B,18,13,36,30,0,independently_synthetic,independent-synthetic-v1,42,stable,0.7222222222222222,5,0.6774305555555555,3
SIM-stable-00441,COURSE_C,16,11,32,23,1,independently_synthetic,independent-synthetic-v1,42,stable,0.6875,5,0.6774305555555555,3
SIM-stable-00441,COURSE_D,20,11,40,27,1,independently_synthetic,independent-synthetic-v1,42,stable,0.55,9,0.6774305555555555,3
SIM-stable-00442,COURSE_A,20,15,40,30,0,independently_synthetic,independent-synthetic-v1,42,stable,0.75,5,0.7180555555555556,2
SIM-stable-00442,COURSE_B,18,13,36,24,1,independently_synthetic,independent-synthetic-v1,42,stable,0.7222222222222222,5,0.7180555555555556,2
SIM-stable-00442,COURSE_C,16,12,32,30,0,independently_synthetic,independent-synthetic-v1,42,stable,0.75,4,0.7180555555555556,2
SIM-stable-00442,COURSE_D,20,13,40,31,1,independently_synthetic,independent-synthetic-v1,42,stable,0.65,7,0.7180555555555556,2
SIM-stable-00443,COURSE_A,20,13,40,25,1,independently_synthetic,independent-synthetic-v1,42,stable,0.65,7,0.7208333333333333,2
SIM-stable-00443,COURSE_B,18,15,36,27,0,independently_synthetic,independent-synthetic-v1,42,stable,0.8333333333333334,3,0.7208333333333333,2
SIM-stable-00443,COURSE_C,16,12,32,23,1,independently_synthetic,independent-synthetic-v1,42,stable,0.75,4,0.7208333333333333,2
SIM-stable-00443,COURSE_D,20,13,40,23,1,independently_synthetic,independent-synthetic-v1,42,stable,0.65,7,0.7208333333333333,2
SIM-stable-00444,COURSE_A,20,17,40,32,0,independently_synthetic,independent-synthetic-v1,42,stable,0.85,3,0.7930555555555555,2
SIM-stable-00444,COURSE_B,18,13,36,29,0,independently_synthetic,independent-synthetic-v1,42,stable,0.7222222222222222,5,0.7930555555555555,2
SIM-stable-00444,COURSE_C,16,16,32,31,0,independently_synthetic,independent-synthetic-v1,42,stable,1.0,0,0.7930555555555555,2
SIM-stable-00444,COURSE_D,20,12,40,28,1,independently_synthetic,independent-synthetic-v1,42,stable,0.6,8,0.7930555555555555,2
SIM-stable-00445,COURSE_A,20,19,40,38,0,independently_synthetic,independent-synthetic-v1,42,stable,0.95,1,0.8020833333333334,1
SIM-stable-00445,COURSE_B,18,15,36,30,0,independently_synthetic,independent-synthetic-v1,42,stable,0.8333333333333334,3,0.8020833333333334,1
SIM-stable-00445,COURSE_C,16,14,32,31,0,independently_synthetic,independent-synthetic-v1,42,stable,0.875,2,0.8020833333333334,1
SIM-stable-00445,COURSE_D,20,11,40,17,1,independently_synthetic,independent-synthetic-v1,42,stable,0.55,9,0.8020833333333334,1
SIM-stable-00446,COURSE_A,20,15,40,32,0,independently_synthetic,independent-synthetic-v1,42,stable,0.75,5,0.6809027777777779,2
SIM-stable-00446,COURSE_B,18,11,36,23,1,independently_synthetic,independent-synthetic-v1,42,stable,0.6111111111111112,7,0.6809027777777779,2
SIM-stable-00446,COURSE_C,16,13,32,24,0,independently_synthetic,independent-synthetic-v1,42,stable,0.8125,3,0.6809027777777779,2
SIM-stable-00446,COURSE_D,20,11,40,21,1,independently_synthetic,independent-synthetic-v1,42,stable,0.55,9,0.6809027777777779,2
SIM-stable-00447,COURSE_A,20,15,40,31,0,independently_synthetic,independent-synthetic-v1,42,stable,0.75,5,0.7913194444444445,1
SIM-stable-00447,COURSE_B,18,14,36,23,1,independently_synthetic,independent-synthetic-v1,42,stable,0.7777777777777778,4,0.7913194444444445,1
SIM-stable-00447,COURSE_C,16,15,32,28,0,independently_synthetic,independent-synthetic-v1,42,stable,0.9375,1,0.7913194444444445,1
SIM-stable-00447,COURSE_D,20,14,40,26,1,independently_synthetic,independent-synthetic-v1,42,stable,0.7,6,0.7913194444444445,1
SIM-stable-00448,COURSE_A,20,19,40,38,0,independently_synthetic,independent-synthetic-v1,42,stable,0.95,1,0.8305555555555555,2
SIM-stable-00448,COURSE_B,18,13,36,25,1,independently_synthetic,independent-synthetic-v1,42,stable,0.7222222222222222,5,0.8305555555555555,2
SIM-stable-00448,COURSE_C,16,16,32,28,0,independently_synthetic,independent-synthetic-v1,42,stable,1.0,0,0.8305555555555555,2
SIM-stable-00448,COURSE_D,20,13,40,34,0,independently_synthetic,independent-synthetic-v1,42,stable,0.65,7,0.8305555555555555,2
SIM-stable-00449,COURSE_A,20,17,40,32,0,independently_synthetic,independent-synthetic-v1,42,stable,0.85,3,0.8930555555555555,1
SIM-stable-00449,COURSE_B,18,13,36,32,0,independently_synthetic,independent-synthetic-v1,42,stable,0.7222222222222222,5,0.8930555555555555,1
SIM-stable-00449,COURSE_C,16,16,32,32,0,independently_synthetic,independent-synthetic-v1,42,stable,1.0,0,0.8930555555555555,1
SIM-stable-00449,COURSE_D,20,20,40,37,0,independently_synthetic,independent-synthetic-v1,42,stable,1.0,0,0.8930555555555555,1
SIM-stable-00450,COURSE_A,20,15,40,33,0,independently_synthetic,independent-synthetic-v1,42,stable,0.75,5,0.7913194444444445,1
SIM-stable-00450,COURSE_B,18,14,36,30,0,independently_synthetic,independent-synthetic-v1,42,stable,0.7777777777777778,4,0.7913194444444445,1
SIM-stable-00450,COURSE_C,16,15,32,28,0,independently_synthetic,independent-synthetic-v1,42,stable,0.9375,1,0.7913194444444445,1
SIM-stable-00450,COURSE_D,20,14,40,25,1,independently_synthetic,independent-synthetic-v1,42,stable,0.7,6,0.7913194444444445,1
SIM-stable-00451,COURSE_A,20,13,40,31,1,independently_synthetic,independent-synthetic-v1,42,stable,0.65,7,0.7378472222222222,2
SIM-stable-00451,COURSE_B,18,16,36,21,1,independently_synthetic,independent-synthetic-v1,42,stable,0.8888888888888888,2,0.7378472222222222,2
SIM-stable-00451,COURSE_C,16,13,32,29,0,independently_synthetic,independent-synthetic-v1,42,stable,0.8125,3,0.7378472222222222,2
SIM-stable-00451,COURSE_D,20,12,40,25,1,independently_synthetic,independent-synthetic-v1,42,stable,0.6,8,0.7378472222222222,2
SIM-stable-00452,COURSE_A,20,18,40,34,0,independently_synthetic,independent-synthetic-v1,42,stable,0.9,2,0.7850694444444445,1
SIM-stable-00452,COURSE_B,18,14,36,30,0,independently_synthetic,independent-synthetic-v1,42,stable,0.7777777777777778,4,0.7850694444444445,1
SIM-stable-00452,COURSE_C,16,13,32,25,0,independently_synthetic,independent-synthetic-v1,42,stable,0.8125,3,0.7850694444444445,1
SIM-stable-00452,COURSE_D,20,13,40,30,1,independently_synthetic,independent-synthetic-v1,42,stable,0.65,7,0.7850694444444445,1
SIM-stable-00453,COURSE_A,20,16,40,33,0,independently_synthetic,independent-synthetic-v1,42,stable,0.8,4,0.7479166666666667,2
SIM-stable-00453,COURSE_B,18,12,36,22,1,independently_synthetic,independent-synthetic-v1,42,stable,0.6666666666666666,6,0.7479166666666667,2
SIM-stable-00453,COURSE_C,16,14,32,27,0,independently_synthetic,independent-synthetic-v1,42,stable,0.875,2,0.7479166666666667,2
SIM-stable-00453,COURSE_D,20,13,40,24,1,independently_synthetic,independent-synthetic-v1,42,stable,0.65,7,0.7479166666666667,2
SIM-stable-00454,COURSE_A,20,16,40,35,0,independently_synthetic,independent-synthetic-v1,42,stable,0.8,4,0.8284722222222223,0
SIM-stable-00454,COURSE_B,18,16,36,28,0,independently_synthetic,independent-synthetic-v1,42,stable,0.8888888888888888,2,0.8284722222222223,0
SIM-stable-00454,COURSE_C,16,14,32,30,0,independently_synthetic,independent-synthetic-v1,42,stable,0.875,2,0.8284722222222223,0
SIM-stable-00454,COURSE_D,20,15,40,27,1,independently_synthetic,independent-synthetic-v1,42,stable,0.75,5,0.8284722222222223,0
SIM-stable-00455,COURSE_A,20,19,40,33,0,independently_synthetic,independent-synthetic-v1,42,stable,0.95,1,0.742361111111111,2
SIM-stable-00455,COURSE_B,18,8,36,25,1,independently_synthetic,independent-synthetic-v1,42,stable,0.4444444444444444,10,0.742361111111111,2
SIM-stable-00455,COURSE_C,16,14,32,30,0,independently_synthetic,independent-synthetic-v1,42,stable,0.875,2,0.742361111111111,2
SIM-stable-00455,COURSE_D,20,14,40,27,1,independently_synthetic,independent-synthetic-v1,42,stable,0.7,6,0.742361111111111,2
SIM-stable-00456,COURSE_A,20,19,40,39,0,independently_synthetic,independent-synthetic-v1,42,stable,0.95,1,0.8597222222222222,1
SIM-stable-00456,COURSE_B,18,16,36,28,0,independently_synthetic,independent-synthetic-v1,42,stable,0.8888888888888888,2,0.8597222222222222,1
SIM-stable-00456,COURSE_C,16,16,32,31,0,independently_synthetic,independent-synthetic-v1,42,stable,1.0,0,0.8597222222222222,1
SIM-stable-00456,COURSE_D,20,12,40,30,1,independently_synthetic,independent-synthetic-v1,42,stable,0.6,8,0.8597222222222222,1
SIM-stable-00457,COURSE_A,20,16,40,32,0,independently_synthetic,independent-synthetic-v1,42,stable,0.8,4,0.7663194444444444,1
SIM-stable-00457,COURSE_B,18,14,36,31,0,independently_synthetic,independent-synthetic-v1,42,stable,0.7777777777777778,4,0.7663194444444444,1
SIM-stable-00457,COURSE_C,16,15,32,30,0,independently_synthetic,independent-synthetic-v1,42,stable,0.9375,1,0.7663194444444444,1
SIM-stable-00457,COURSE_D,20,11,40,21,1,independently_synthetic,independent-synthetic-v1,42,stable,0.55,9,0.7663194444444444,1
SIM-stable-00458,COURSE_A,20,18,40,37,0,independently_synthetic,independent-synthetic-v1,42,stable,0.9,2,0.8055555555555556,2
SIM-stable-00458,COURSE_B,18,13,36,31,0,independently_synthetic,independent-synthetic-v1,42,stable,0.7222222222222222,5,0.8055555555555556,2
SIM-stable-00458,COURSE_C,16,16,32,29,0,independently_synthetic,independent-synthetic-v1,42,stable,1.0,0,0.8055555555555556,2
SIM-stable-00458,COURSE_D,20,12,40,26,1,independently_synthetic,independent-synthetic-v1,42,stable,0.6,8,0.8055555555555556,2
SIM-stable-00459,COURSE_A,20,13,40,28,1,independently_synthetic,independent-synthetic-v1,42,stable,0.65,7,0.8315972222222222,1
SIM-stable-00459,COURSE_B,18,16,36,31,0,independently_synthetic,independent-synthetic-v1,42,stable,0.8888888888888888,2,0.8315972222222222,1
SIM-stable-00459,COURSE_C,16,15,32,28,0,independently_synthetic,independent-synthetic-v1,42,stable,0.9375,1,0.8315972222222222,1
SIM-stable-00459,COURSE_D,20,17,40,35,0,independently_synthetic,independent-synthetic-v1,42,stable,0.85,3,0.8315972222222222,1
SIM-stable-00460,COURSE_A,20,16,40,37,0,independently_synthetic,independent-synthetic-v1,42,stable,0.8,4,0.8704861111111111,0
SIM-stable-00460,COURSE_B,18,17,36,33,0,independently_synthetic,independent-synthetic-v1,42,stable,0.9444444444444444,1,0.8704861111111111,0
SIM-stable-00460,COURSE_C,16,15,32,26,0,independently_synthetic,independent-synthetic-v1,42,stable,0.9375,1,0.8704861111111111,0
SIM-stable-00460,COURSE_D,20,16,40,31,0,independently_synthetic,independent-synthetic-v1,42,stable,0.8,4,0.8704861111111111,0
SIM-stable-00461,COURSE_A,20,19,40,37,0,independently_synthetic,independent-synthetic-v1,42,stable,0.95,1,0.8958333333333333,0
SIM-stable-00461,COURSE_B,18,15,36,34,0,independently_synthetic,independent-synthetic-v1,42,stable,0.8333333333333334,3,0.8958333333333333,0
SIM-stable-00461,COURSE_C,16,16,32,32,0,independently_synthetic,independent-synthetic-v1,42,stable,1.0,0,0.8958333333333333,0
SIM-stable-00461,COURSE_D,20,16,40,31,0,independently_synthetic,independent-synthetic-v1,42,stable,0.8,4,0.8958333333333333,0
SIM-stable-00462,COURSE_A,20,18,40,34,0,independently_synthetic,independent-synthetic-v1,42,stable,0.9,2,0.8493055555555555,1
SIM-stable-00462,COURSE_B,18,13,36,30,0,independently_synthetic,independent-synthetic-v1,42,stable,0.7222222222222222,5,0.8493055555555555,1
SIM-stable-00462,COURSE_C,16,14,32,28,0,independently_synthetic,independent-synthetic-v1,42,stable,0.875,2,0.8493055555555555,1
SIM-stable-00462,COURSE_D,20,18,40,35,0,independently_synthetic,independent-synthetic-v1,42,stable,0.9,2,0.8493055555555555,1
SIM-stable-00463,COURSE_A,20,16,40,32,0,independently_synthetic,independent-synthetic-v1,42,stable,0.8,4,0.8458333333333333,0
SIM-stable-00463,COURSE_B,18,15,36,22,1,independently_synthetic,independent-synthetic-v1,42,stable,0.8333333333333334,3,0.8458333333333333,0
SIM-stable-00463,COURSE_C,16,16,32,30,0,independently_synthetic,independent-synthetic-v1,42,stable,1.0,0,0.8458333333333333,0
SIM-stable-00463,COURSE_D,20,15,40,23,1,independently_synthetic,independent-synthetic-v1,42,stable,0.75,5,0.8458333333333333,0
SIM-stable-00464,COURSE_A,20,14,40,24,1,independently_synthetic,independent-synthetic-v1,42,stable,0.7,6,0.43333333333333335,4
SIM-stable-00464,COURSE_B,18,6,36,17,1,independently_synthetic,independent-synthetic-v1,42,stable,0.3333333333333333,12,0.43333333333333335,4
SIM-stable-00464,COURSE_C,16,4,32,17,1,independently_synthetic,independent-synthetic-v1,42,stable,0.25,12,0.43333333333333335,4
SIM-stable-00464,COURSE_D,20,9,40,18,1,independently_synthetic,independent-synthetic-v1,42,stable,0.45,11,0.43333333333333335,4
SIM-stable-00465,COURSE_A,20,17,40,28,0,independently_synthetic,independent-synthetic-v1,42,stable,0.85,3,0.8958333333333334,0
SIM-stable-00465,COURSE_B,18,15,36,24,1,independently_synthetic,independent-synthetic-v1,42,stable,0.8333333333333334,3,0.8958333333333334,0
SIM-stable-00465,COURSE_C,16,16,32,31,0,independently_synthetic,independent-synthetic-v1,42,stable,1.0,0,0.8958333333333334,0
SIM-stable-00465,COURSE_D,20,18,40,31,0,independently_synthetic,independent-synthetic-v1,42,stable,0.9,2,0.8958333333333334,0
SIM-stable-00466,COURSE_A,20,18,40,34,0,independently_synthetic,independent-synthetic-v1,42,stable,0.9,2,0.8583333333333334,1
SIM-stable-00466,COURSE_B,18,15,36,23,1,independently_synthetic,independent-synthetic-v1,42,stable,0.8333333333333334,3,0.8583333333333334,1
SIM-stable-00466,COURSE_C,16,16,32,28,0,independently_synthetic,independent-synthetic-v1,42,stable,1.0,0,0.8583333333333334,1
SIM-stable-00466,COURSE_D,20,14,40,31,0,independently_synthetic,independent-synthetic-v1,42,stable,0.7,6,0.8583333333333334,1
SIM-stable-00467,COURSE_A,20,18,40,38,0,independently_synthetic,independent-synthetic-v1,42,stable,0.9,2,0.9083333333333333,0
SIM-stable-00467,COURSE_B,18,15,36,30,0,independently_synthetic,independent-synthetic-v1,42,stable,0.8333333333333334,3,0.9083333333333333,0
SIM-stable-00467,COURSE_C,16,16,32,32,0,independently_synthetic,independent-synthetic-v1,42,stable,1.0,0,0.9083333333333333,0
SIM-stable-00467,COURSE_D,20,18,40,36,0,independently_synthetic,independent-synthetic-v1,42,stable,0.9,2,0.9083333333333333,0
SIM-stable-00468,COURSE_A,20,15,40,30,0,independently_synthetic,independent-synthetic-v1,42,stable,0.75,5,0.6809027777777779,2
SIM-stable-00468,COURSE_B,18,11,36,22,1,independently_synthetic,independent-synthetic-v1,42,stable,0.6111111111111112,7,0.6809027777777779,2
SIM-stable-00468,COURSE_C,16,13,32,21,1,independently_synthetic,independent-synthetic-v1,42,stable,0.8125,3,0.6809027777777779,2
SIM-stable-00468,COURSE_D,20,11,40,20,1,independently_synthetic,independent-synthetic-v1,42,stable,0.55,9,0.6809027777777779,2
SIM-stable-00469,COURSE_A,20,14,40,31,0,independently_synthetic,independent-synthetic-v1,42,stable,0.7,6,0.6645833333333333,3
SIM-stable-00469,COURSE_B,18,15,36,30,0,independently_synthetic,independent-synthetic-v1,42,stable,0.8333333333333334,3,0.6645833333333333,3
SIM-stable-00469,COURSE_C,16,10,32,22,1,independently_synthetic,independent-synthetic-v1,42,stable,0.625,6,0.6645833333333333,3
SIM-stable-00469,COURSE_D,20,10,40,24,1,independently_synthetic,independent-synthetic-v1,42,stable,0.5,10,0.6645833333333333,3
SIM-stable-00470,COURSE_A,20,14,40,29,1,independently_synthetic,independent-synthetic-v1,42,stable,0.7,6,0.64375,3
SIM-stable-00470,COURSE_B,18,9,36,27,1,independently_synthetic,independent-synthetic-v1,42,stable,0.5,9,0.64375,3
SIM-stable-00470,COURSE_C,16,14,32,28,0,independently_synthetic,independent-synthetic-v1,42,stable,0.875,2,0.64375,3
SIM-stable-00470,COURSE_D,20,10,40,24,1,independently_synthetic,independent-synthetic-v1,42,stable,0.5,10,0.64375,3
SIM-stable-00471,COURSE_A,20,20,40,37,0,independently_synthetic,independent-synthetic-v1,42,stable,1.0,0,0.8694444444444445,1
SIM-stable-00471,COURSE_B,18,14,36,32,0,independently_synthetic,independent-synthetic-v1,42,stable,0.7777777777777778,4,0.8694444444444445,1
SIM-stable-00471,COURSE_C,16,16,32,32,0,independently_synthetic,independent-synthetic-v1,42,stable,1.0,0,0.8694444444444445,1
SIM-stable-00471,COURSE_D,20,14,40,26,1,independently_synthetic,independent-synthetic-v1,42,stable,0.7,6,0.8694444444444445,1
SIM-stable-00472,COURSE_A,20,17,40,37,0,independently_synthetic,independent-synthetic-v1,42,stable,0.85,3,0.6902777777777778,2
SIM-stable-00472,COURSE_B,18,11,36,28,1,independently_synthetic,independent-synthetic-v1,42,stable,0.6111111111111112,7,0.6902777777777778,2
SIM-stable-00472,COURSE_C,16,8,32,25,1,independently_synthetic,independent-synthetic-v1,42,stable,0.5,8,0.6902777777777778,2
SIM-stable-00472,COURSE_D,20,16,40,27,1,independently_synthetic,independent-synthetic-v1,42,stable,0.8,4,0.6902777777777778,2
SIM-stable-00473,COURSE_A,20,19,40,31,0,independently_synthetic,independent-synthetic-v1,42,stable,0.95,1,0.8010416666666667,2
SIM-stable-00473,COURSE_B,18,12,36,26,1,independently_synthetic,independent-synthetic-v1,42,stable,0.6666666666666666,6,0.8010416666666667,2
SIM-stable-00473,COURSE_C,16,15,32,29,0,independently_synthetic,independent-synthetic-v1,42,stable,0.9375,1,0.8010416666666667,2
SIM-stable-00473,COURSE_D,20,13,40,30,1,independently_synthetic,independent-synthetic-v1,42,stable,0.65,7,0.8010416666666667,2
SIM-stable-00474,COURSE_A,20,15,40,26,1,independently_synthetic,independent-synthetic-v1,42,stable,0.75,5,0.6885416666666666,2
SIM-stable-00474,COURSE_B,18,12,36,27,1,independently_synthetic,independent-synthetic-v1,42,stable,0.6666666666666666,6,0.6885416666666666,2
SIM-stable-00474,COURSE_C,16,15,32,28,0,independently_synthetic,independent-synthetic-v1,42,stable,0.9375,1,0.6885416666666666,2
SIM-stable-00474,COURSE_D,20,8,40,21,1,independently_synthetic,independent-synthetic-v1,42,stable,0.4,12,0.6885416666666666,2
SIM-stable-00475,COURSE_A,20,16,40,35,0,independently_synthetic,independent-synthetic-v1,42,stable,0.8,4,0.7475694444444445,1
SIM-stable-00475,COURSE_B,18,14,36,26,1,independently_synthetic,independent-synthetic-v1,42,stable,0.7777777777777778,4,0.7475694444444445,1
SIM-stable-00475,COURSE_C,16,13,32,29,0,independently_synthetic,independent-synthetic-v1,42,stable,0.8125,3,0.7475694444444445,1
SIM-stable-00475,COURSE_D,20,12,40,31,1,independently_synthetic,independent-synthetic-v1,42,stable,0.6,8,0.7475694444444445,1
SIM-stable-00476,COURSE_A,20,16,40,37,0,independently_synthetic,independent-synthetic-v1,42,stable,0.8,4,0.8024305555555555,1
SIM-stable-00476,COURSE_B,18,13,36,31,0,independently_synthetic,independent-synthetic-v1,42,stable,0.7222222222222222,5,0.8024305555555555,1
SIM-stable-00476,COURSE_C,16,15,32,27,0,independently_synthetic,independent-synthetic-v1,42,stable,0.9375,1,0.8024305555555555,1
SIM-stable-00476,COURSE_D,20,15,40,34,0,independently_synthetic,independent-synthetic-v1,42,stable,0.75,5,0.8024305555555555,1
SIM-stable-00477,COURSE_A,20,16,40,37,0,independently_synthetic,independent-synthetic-v1,42,stable,0.8,4,0.8819444444444444,0
SIM-stable-00477,COURSE_B,18,14,36,30,0,independently_synthetic,independent-synthetic-v1,42,stable,0.7777777777777778,4,0.8819444444444444,0
SIM-stable-00477,COURSE_C,16,16,32,31,0,independently_synthetic,independent-synthetic-v1,42,stable,1.0,0,0.8819444444444444,0
SIM-stable-00477,COURSE_D,20,19,40,31,0,independently_synthetic,independent-synthetic-v1,42,stable,0.95,1,0.8819444444444444,0
SIM-stable-00478,COURSE_A,20,20,40,40,0,independently_synthetic,independent-synthetic-v1,42,stable,1.0,0,0.9177083333333333,0
SIM-stable-00478,COURSE_B,18,15,36,25,1,independently_synthetic,independent-synthetic-v1,42,stable,0.8333333333333334,3,0.9177083333333333,0
SIM-stable-00478,COURSE_C,16,15,32,32,0,independently_synthetic,independent-synthetic-v1,42,stable,0.9375,1,0.9177083333333333,0
SIM-stable-00478,COURSE_D,20,18,40,28,0,independently_synthetic,independent-synthetic-v1,42,stable,0.9,2,0.9177083333333333,0
SIM-stable-00479,COURSE_A,20,14,40,35,0,independently_synthetic,independent-synthetic-v1,42,stable,0.7,6,0.7180555555555556,3
SIM-stable-00479,COURSE_B,18,13,36,24,1,independently_synthetic,independent-synthetic-v1,42,stable,0.7222222222222222,5,0.7180555555555556,3
SIM-stable-00479,COURSE_C,16,12,32,31,0,independently_synthetic,independent-synthetic-v1,42,stable,0.75,4,0.7180555555555556,3
SIM-stable-00479,COURSE_D,20,14,40,31,0,independently_synthetic,independent-synthetic-v1,42,stable,0.7,6,0.7180555555555556,3
SIM-stable-00480,COURSE_A,20,15,40,26,1,independently_synthetic,independent-synthetic-v1,42,stable,0.75,5,0.7288194444444445,2
SIM-stable-00480,COURSE_B,18,14,36,22,1,independently_synthetic,independent-synthetic-v1,42,stable,0.7777777777777778,4,0.7288194444444445,2
SIM-stable-00480,COURSE_C,16,11,32,21,1,independently_synthetic,independent-synthetic-v1,42,stable,0.6875,5,0.7288194444444445,2
SIM-stable-00480,COURSE_D,20,14,40,32,0,independently_synthetic,independent-synthetic-v1,42,stable,0.7,6,0.7288194444444445,2
SIM-stable-00481,COURSE_A,20,17,40,29,0,independently_synthetic,independent-synthetic-v1,42,stable,0.85,3,0.6652777777777777,2
SIM-stable-00481,COURSE_B,18,11,36,22,1,independently_synthetic,independent-synthetic-v1,42,stable,0.6111111111111112,7,0.6652777777777777,2
SIM-stable-00481,COURSE_C,16,12,32,27,0,independently_synthetic,independent-synthetic-v1,42,stable,0.75,4,0.6652777777777777,2
SIM-stable-00481,COURSE_D,20,9,40,28,1,independently_synthetic,independent-synthetic-v1,42,stable,0.45,11,0.6652777777777777,2
SIM-stable-00482,COURSE_A,20,11,40,25,1,independently_synthetic,independent-synthetic-v1,42,stable,0.55,9,0.5885416666666666,4
SIM-stable-00482,COURSE_B,18,12,36,22,1,independently_synthetic,independent-synthetic-v1,42,stable,0.6666666666666666,6,0.5885416666666666,4
SIM-stable-00482,COURSE_C,16,11,32,22,1,independently_synthetic,independent-synthetic-v1,42,stable,0.6875,5,0.5885416666666666,4
SIM-stable-00482,COURSE_D,20,9,40,19,1,independently_synthetic,independent-synthetic-v1,42,stable,0.45,11,0.5885416666666666,4
SIM-stable-00483,COURSE_A,20,11,40,22,1,independently_synthetic,independent-synthetic-v1,42,stable,0.55,9,0.5173611111111112,4
SIM-stable-00483,COURSE_B,18,8,36,21,1,independently_synthetic,independent-synthetic-v1,42,stable,0.4444444444444444,10,0.5173611111111112,4
SIM-stable-00483,COURSE_C,16,10,32,17,1,independently_synthetic,independent-synthetic-v1,42,stable,0.625,6,0.5173611111111112,4
SIM-stable-00483,COURSE_D,20,9,40,20,1,independently_synthetic,independent-synthetic-v1,42,stable,0.45,11,0.5173611111111112,4
SIM-stable-00484,COURSE_A,20,14,40,31,0,independently_synthetic,independent-synthetic-v1,42,stable,0.7,6,0.7086805555555555,3
SIM-stable-00484,COURSE_B,18,13,36,28,0,independently_synthetic,independent-synthetic-v1,42,stable,0.7222222222222222,5,0.7086805555555555,3
SIM-stable-00484,COURSE_C,16,13,32,26,0,independently_synthetic,independent-synthetic-v1,42,stable,0.8125,3,0.7086805555555555,3
SIM-stable-00484,COURSE_D,20,12,40,25,1,independently_synthetic,independent-synthetic-v1,42,stable,0.6,8,0.7086805555555555,3
SIM-stable-00485,COURSE_A,20,15,40,29,1,independently_synthetic,independent-synthetic-v1,42,stable,0.75,5,0.8319444444444444,0
SIM-stable-00485,COURSE_B,18,14,36,26,1,independently_synthetic,independent-synthetic-v1,42,stable,0.7777777777777778,4,0.8319444444444444,0
SIM-stable-00485,COURSE_C,16,16,32,23,0,independently_synthetic,independent-synthetic-v1,42,stable,1.0,0,0.8319444444444444,0
SIM-stable-00485,COURSE_D,20,16,40,31,0,independently_synthetic,independent-synthetic-v1,42,stable,0.8,4,0.8319444444444444,0
SIM-stable-00486,COURSE_A,20,17,40,31,0,independently_synthetic,independent-synthetic-v1,42,stable,0.85,3,0.7732638888888889,1
SIM-stable-00486,COURSE_B,18,10,36,23,1,independently_synthetic,independent-synthetic-v1,42,stable,0.5555555555555556,8,0.7732638888888889,1
SIM-stable-00486,COURSE_C,16,15,32,24,0,independently_synthetic,independent-synthetic-v1,42,stable,0.9375,1,0.7732638888888889,1
SIM-stable-00486,COURSE_D,20,15,40,20,1,independently_synthetic,independent-synthetic-v1,42,stable,0.75,5,0.7732638888888889,1
SIM-stable-00487,COURSE_A,20,14,40,31,0,independently_synthetic,independent-synthetic-v1,42,stable,0.7,6,0.7215277777777778,3
SIM-stable-00487,COURSE_B,18,11,36,22,1,independently_synthetic,independent-synthetic-v1,42,stable,0.6111111111111112,7,0.7215277777777778,3
SIM-stable-00487,COURSE_C,16,14,32,25,0,independently_synthetic,independent-synthetic-v1,42,stable,0.875,2,0.7215277777777778,3
SIM-stable-00487,COURSE_D,20,14,40,26,1,independently_synthetic,independent-synthetic-v1,42,stable,0.7,6,0.7215277777777778,3
SIM-stable-00488,COURSE_A,20,17,40,29,0,independently_synthetic,independent-synthetic-v1,42,stable,0.85,3,0.8083333333333333,1
SIM-stable-00488,COURSE_B,18,15,36,27,0,independently_synthetic,independent-synthetic-v1,42,stable,0.8333333333333334,3,0.8083333333333333,1
SIM-stable-00488,COURSE_C,16,16,32,29,0,independently_synthetic,independent-synthetic-v1,42,stable,1.0,0,0.8083333333333333,1
SIM-stable-00488,COURSE_D,20,11,40,28,1,independently_synthetic,independent-synthetic-v1,42,stable,0.55,9,0.8083333333333333,1
SIM-stable-00489,COURSE_A,20,19,40,32,0,independently_synthetic,independent-synthetic-v1,42,stable,0.95,1,0.8211805555555556,1
SIM-stable-00489,COURSE_B,18,13,36,24,1,independently_synthetic,independent-synthetic-v1,42,stable,0.7222222222222222,5,0.8211805555555556,1
SIM-stable-00489,COURSE_C,16,13,32,31,0,independently_synthetic,independent-synthetic-v1,42,stable,0.8125,3,0.8211805555555556,1
SIM-stable-00489,COURSE_D,20,16,40,29,0,independently_synthetic,independent-synthetic-v1,42,stable,0.8,4,0.8211805555555556,1
SIM-stable-00490,COURSE_A,20,18,40,36,0,independently_synthetic,independent-synthetic-v1,42,stable,0.9,2,0.8107638888888888,1
SIM-stable-00490,COURSE_B,18,10,36,25,1,independently_synthetic,independent-synthetic-v1,42,stable,0.5555555555555556,8,0.8107638888888888,1
SIM-stable-00490,COURSE_C,16,15,32,31,0,independently_synthetic,independent-synthetic-v1,42,stable,0.9375,1,0.8107638888888888,1
SIM-stable-00490,COURSE_D,20,17,40,34,0,independently_synthetic,independent-synthetic-v1,42,stable,0.85,3,0.8107638888888888,1
SIM-stable-00491,COURSE_A,20,19,40,40,0,independently_synthetic,independent-synthetic-v1,42,stable,0.95,1,0.7961805555555556,2
SIM-stable-00491,COURSE_B,18,13,36,28,0,independently_synthetic,independent-synthetic-v1,42,stable,0.7222222222222222,5,0.7961805555555556,2
SIM-stable-00491,COURSE_C,16,13,32,28,0,independently_synthetic,independent-synthetic-v1,42,stable,0.8125,3,0.7961805555555556,2
SIM-stable-00491,COURSE_D,20,14,40,30,1,independently_synthetic,independent-synthetic-v1,42,stable,0.7,6,0.7961805555555556,2
SIM-stable-00492,COURSE_A,20,14,40,26,1,independently_synthetic,independent-synthetic-v1,42,stable,0.7,6,0.6590277777777778,3
SIM-stable-00492,COURSE_B,18,11,36,27,1,independently_synthetic,independent-synthetic-v1,42,stable,0.6111111111111112,7,0.6590277777777778,3
SIM-stable-00492,COURSE_C,16,14,32,29,0,independently_synthetic,independent-synthetic-v1,42,stable,0.875,2,0.6590277777777778,3
SIM-stable-00492,COURSE_D,20,9,40,25,1,independently_synthetic,independent-synthetic-v1,42,stable,0.45,11,0.6590277777777778,3
SIM-stable-00493,COURSE_A,20,13,40,32,0,independently_synthetic,independent-synthetic-v1,42,stable,0.65,7,0.6565972222222223,3
SIM-stable-00493,COURSE_B,18,7,36,23,1,independently_synthetic,independent-synthetic-v1,42,stable,0.3888888888888889,11,0.6565972222222223,3
SIM-stable-00493,COURSE_C,16,15,32,23,0,independently_synthetic,independent-synthetic-v1,42,stable,0.9375,1,0.6565972222222223,3
SIM-stable-00493,COURSE_D,20,13,40,24,1,independently_synthetic,independent-synthetic-v1,42,stable,0.65,7,0.6565972222222223,3
SIM-stable-00494,COURSE_A,20,13,40,29,1,independently_synthetic,independent-synthetic-v1,42,stable,0.65,7,0.7,3
SIM-stable-00494,COURSE_B,18,9,36,25,1,independently_synthetic,independent-synthetic-v1,42,stable,0.5,9,0.7,3
SIM-stable-00494,COURSE_C,16,16,32,21,0,independently_synthetic,independent-synthetic-v1,42,stable,1.0,0,0.7,3
SIM-stable-00494,COURSE_D,20,13,40,24,1,independently_synthetic,independent-synthetic-v1,42,stable,0.65,7,0.7,3
SIM-stable-00495,COURSE_A,20,20,40,36,0,independently_synthetic,independent-synthetic-v1,42,stable,1.0,0,0.8135416666666666,2
SIM-stable-00495,COURSE_B,18,12,36,23,1,independently_synthetic,independent-synthetic-v1,42,stable,0.6666666666666666,6,0.8135416666666666,2
SIM-stable-00495,COURSE_C,16,15,32,28,0,independently_synthetic,independent-synthetic-v1,42,stable,0.9375,1,0.8135416666666666,2
SIM-stable-00495,COURSE_D,20,13,40,33,0,independently_synthetic,independent-synthetic-v1,42,stable,0.65,7,0.8135416666666666,2
SIM-stable-00496,COURSE_A,20,16,40,32,0,independently_synthetic,independent-synthetic-v1,42,stable,0.8,4,0.8722222222222222,0
SIM-stable-00496,COURSE_B,18,16,36,31,0,independently_synthetic,independent-synthetic-v1,42,stable,0.8888888888888888,2,0.8722222222222222,0
SIM-stable-00496,COURSE_C,16,16,32,29,0,independently_synthetic,independent-synthetic-v1,42,stable,1.0,0,0.8722222222222222,0
SIM-stable-00496,COURSE_D,20,16,40,35,0,independently_synthetic,independent-synthetic-v1,42,stable,0.8,4,0.8722222222222222,0
SIM-stable-00497,COURSE_A,20,17,40,37,0,independently_synthetic,independent-synthetic-v1,42,stable,0.85,3,0.8180555555555555,2
SIM-stable-00497,COURSE_B,18,13,36,14,1,independently_synthetic,independent-synthetic-v1,42,stable,0.7222222222222222,5,0.8180555555555555,2
SIM-stable-00497,COURSE_C,16,16,32,27,0,independently_synthetic,independent-synthetic-v1,42,stable,1.0,0,0.8180555555555555,2
SIM-stable-00497,COURSE_D,20,14,40,18,1,independently_synthetic,independent-synthetic-v1,42,stable,0.7,6,0.8180555555555555,2
SIM-stable-00498,COURSE_A,20,14,40,30,1,independently_synthetic,independent-synthetic-v1,42,stable,0.7,6,0.6743055555555555,4
SIM-stable-00498,COURSE_B,18,13,36,27,1,independently_synthetic,independent-synthetic-v1,42,stable,0.7222222222222222,5,0.6743055555555555,4
SIM-stable-00498,COURSE_C,16,10,32,25,1,independently_synthetic,independent-synthetic-v1,42,stable,0.625,6,0.6743055555555555,4
SIM-stable-00498,COURSE_D,20,13,40,27,1,independently_synthetic,independent-synthetic-v1,42,stable,0.65,7,0.6743055555555555,4
SIM-stable-00499,COURSE_A,20,14,40,27,1,independently_synthetic,independent-synthetic-v1,42,stable,0.7,6,0.6840277777777778,3
SIM-stable-00499,COURSE_B,18,11,36,28,1,independently_synthetic,independent-synthetic-v1,42,stable,0.6111111111111112,7,0.6840277777777778,3
SIM-stable-00499,COURSE_C,16,14,32,26,0,independently_synthetic,independent-synthetic-v1,42,stable,0.875,2,0.6840277777777778,3
SIM-stable-00499,COURSE_D,20,11,40,29,1,independently_synthetic,independent-synthetic-v1,42,stable,0.55,9,0.6840277777777778,3
SIM-stable-00500,COURSE_A,20,18,40,37,0,independently_synthetic,independent-synthetic-v1,42,stable,0.9,2,0.68125,2
SIM-stable-00500,COURSE_B,18,9,36,24,1,independently_synthetic,independent-synthetic-v1,42,stable,0.5,9,0.68125,2
SIM-stable-00500,COURSE_C,16,14,32,29,0,independently_synthetic,independent-synthetic-v1,42,stable,0.875,2,0.68125,2
SIM-stable-00500,COURSE_D,20,9,40,23,1,independently_synthetic,independent-synthetic-v1,42,stable,0.45,11,0.68125,2
SIM-stable-00501,COURSE_A,20,15,40,31,0,independently_synthetic,independent-synthetic-v1,42,stable,0.75,5,0.7399305555555555,2
SIM-stable-00501,COURSE_B,18,13,36,23,1,independently_synthetic,independent-synthetic-v1,42,stable,0.7222222222222222,5,0.7399305555555555,2
SIM-stable-00501,COURSE_C,16,11,32,25,0,independently_synthetic,independent-synthetic-v1,42,stable,0.6875,5,0.7399305555555555,2
SIM-stable-00501,COURSE_D,20,16,40,29,0,independently_synthetic,independent-synthetic-v1,42,stable,0.8,4,0.7399305555555555,2
SIM-stable-00502,COURSE_A,20,12,40,29,1,independently_synthetic,independent-synthetic-v1,42,stable,0.6,8,0.7100694444444444,2
SIM-stable-00502,COURSE_B,18,14,36,25,1,independently_synthetic,independent-synthetic-v1,42,stable,0.7777777777777778,4,0.7100694444444444,2
SIM-stable-00502,COURSE_C,16,13,32,22,1,independently_synthetic,independent-synthetic-v1,42,stable,0.8125,3,0.7100694444444444,2
SIM-stable-00502,COURSE_D,20,13,40,26,1,independently_synthetic,independent-synthetic-v1,42,stable,0.65,7,0.7100694444444444,2
SIM-stable-00503,COURSE_A,20,19,40,33,0,independently_synthetic,independent-synthetic-v1,42,stable,0.95,1,0.8319444444444444,0
SIM-stable-00503,COURSE_B,18,14,36,22,1,independently_synthetic,independent-synthetic-v1,42,stable,0.7777777777777778,4,0.8319444444444444,0
SIM-stable-00503,COURSE_C,16,12,32,28,0,independently_synthetic,independent-synthetic-v1,42,stable,0.75,4,0.8319444444444444,0
SIM-stable-00503,COURSE_D,20,17,40,24,1,independently_synthetic,independent-synthetic-v1,42,stable,0.85,3,0.8319444444444444,0
SIM-stable-00504,COURSE_A,20,18,40,26,1,independently_synthetic,independent-synthetic-v1,42,stable,0.9,2,0.8774305555555555,1
SIM-stable-00504,COURSE_B,18,13,36,23,1,independently_synthetic,independent-synthetic-v1,42,stable,0.7222222222222222,5,0.8774305555555555,1
SIM-stable-00504,COURSE_C,16,15,32,27,0,independently_synthetic,independent-synthetic-v1,42,stable,0.9375,1,0.8774305555555555,1
SIM-stable-00504,COURSE_D,20,19,40,28,0,independently_synthetic,independent-synthetic-v1,42,stable,0.95,1,0.8774305555555555,1
SIM-stable-00505,COURSE_A,20,16,40,33,0,independently_synthetic,independent-synthetic-v1,42,stable,0.8,4,0.7836805555555556,1
SIM-stable-00505,COURSE_B,18,13,36,28,0,independently_synthetic,independent-synthetic-v1,42,stable,0.7222222222222222,5,0.7836805555555556,1
SIM-stable-00505,COURSE_C,16,13,32,29,0,independently_synthetic,independent-synthetic-v1,42,stable,0.8125,3,0.7836805555555556,1
SIM-stable-00505,COURSE_D,20,16,40,32,0,independently_synthetic,independent-synthetic-v1,42,stable,0.8,4,0.7836805555555556,1
SIM-stable-00506,COURSE_A,20,19,40,40,0,independently_synthetic,independent-synthetic-v1,42,stable,0.95,1,0.8722222222222222,1
SIM-stable-00506,COURSE_B,18,16,36,29,0,independently_synthetic,independent-synthetic-v1,42,stable,0.8888888888888888,2,0.8722222222222222,1
SIM-stable-00506,COURSE_C,16,16,32,32,0,independently_synthetic,independent-synthetic-v1,42,stable,1.0,0,0.8722222222222222,1
SIM-stable-00506,COURSE_D,20,13,40,33,0,independently_synthetic,independent-synthetic-v1,42,stable,0.65,7,0.8722222222222222,1
SIM-stable-00507,COURSE_A,20,17,40,34,0,independently_synthetic,independent-synthetic-v1,42,stable,0.85,3,0.6774305555555555,3
SIM-stable-00507,COURSE_B,18,13,36,24,1,independently_synthetic,independent-synthetic-v1,42,stable,0.7222222222222222,5,0.6774305555555555,3
SIM-stable-00507,COURSE_C,16,11,32,26,0,independently_synthetic,independent-synthetic-v1,42,stable,0.6875,5,0.6774305555555555,3
SIM-stable-00507,COURSE_D,20,9,40,27,1,independently_synthetic,independent-synthetic-v1,42,stable,0.45,11,0.6774305555555555,3
SIM-stable-00508,COURSE_A,20,12,40,23,1,independently_synthetic,independent-synthetic-v1,42,stable,0.6,8,0.6881944444444444,2
SIM-stable-00508,COURSE_B,18,14,36,21,1,independently_synthetic,independent-synthetic-v1,42,stable,0.7777777777777778,4,0.6881944444444444,2
SIM-stable-00508,COURSE_C,16,14,32,27,0,independently_synthetic,independent-synthetic-v1,42,stable,0.875,2,0.6881944444444444,2
SIM-stable-00508,COURSE_D,20,10,40,26,1,independently_synthetic,independent-synthetic-v1,42,stable,0.5,10,0.6881944444444444,2
SIM-stable-00509,COURSE_A,20,18,40,31,0,independently_synthetic,independent-synthetic-v1,42,stable,0.9,2,0.6920138888888889,2
SIM-stable-00509,COURSE_B,18,10,36,24,1,independently_synthetic,independent-synthetic-v1,42,stable,0.5555555555555556,8,0.6920138888888889,2
SIM-stable-00509,COURSE_C,16,13,32,24,0,independently_synthetic,independent-synthetic-v1,42,stable,0.8125,3,0.6920138888888889,2
SIM-stable-00509,COURSE_D,20,10,40,26,1,independently_synthetic,independent-synthetic-v1,42,stable,0.5,10,0.6920138888888889,2
SIM-stable-00510,COURSE_A,20,20,40,34,0,independently_synthetic,independent-synthetic-v1,42,stable,1.0,0,0.9083333333333333,0
SIM-stable-00510,COURSE_B,18,15,36,31,0,independently_synthetic,independent-synthetic-v1,42,stable,0.8333333333333334,3,0.9083333333333333,0
SIM-stable-00510,COURSE_C,16,16,32,31,0,independently_synthetic,independent-synthetic-v1,42,stable,1.0,0,0.9083333333333333,0
SIM-stable-00510,COURSE_D,20,16,40,28,1,independently_synthetic,independent-synthetic-v1,42,stable,0.8,4,0.9083333333333333,0
SIM-stable-00511,COURSE_A,20,15,40,30,0,independently_synthetic,independent-synthetic-v1,42,stable,0.75,5,0.6840277777777778,2
SIM-stable-00511,COURSE_B,18,11,36,21,1,independently_synthetic,independent-synthetic-v1,42,stable,0.6111111111111112,7,0.6840277777777778,2
SIM-stable-00511,COURSE_C,16,14,32,22,0,independently_synthetic,independent-synthetic-v1,42,stable,0.875,2,0.6840277777777778,2
SIM-stable-00511,COURSE_D,20,10,40,21,1,independently_synthetic,independent-synthetic-v1,42,stable,0.5,10,0.6840277777777778,2
SIM-stable-00512,COURSE_A,20,14,40,31,0,independently_synthetic,independent-synthetic-v1,42,stable,0.7,6,0.8708333333333333,1
SIM-stable-00512,COURSE_B,18,15,36,30,0,independently_synthetic,independent-synthetic-v1,42,stable,0.8333333333333334,3,0.8708333333333333,1
SIM-stable-00512,COURSE_C,16,16,32,31,0,independently_synthetic,independent-synthetic-v1,42,stable,1.0,0,0.8708333333333333,1
SIM-stable-00512,COURSE_D,20,19,40,34,0,independently_synthetic,independent-synthetic-v1,42,stable,0.95,1,0.8708333333333333,1
SIM-stable-00513,COURSE_A,20,13,40,28,1,independently_synthetic,independent-synthetic-v1,42,stable,0.65,7,0.7680555555555555,3
SIM-stable-00513,COURSE_B,18,13,36,31,0,independently_synthetic,independent-synthetic-v1,42,stable,0.7222222222222222,5,0.7680555555555555,3
SIM-stable-00513,COURSE_C,16,16,32,25,0,independently_synthetic,independent-synthetic-v1,42,stable,1.0,0,0.7680555555555555,3
SIM-stable-00513,COURSE_D,20,14,40,25,1,independently_synthetic,independent-synthetic-v1,42,stable,0.7,6,0.7680555555555555,3
SIM-stable-00514,COURSE_A,20,18,40,31,0,independently_synthetic,independent-synthetic-v1,42,stable,0.9,2,0.64375,3
SIM-stable-00514,COURSE_B,18,9,36,19,1,independently_synthetic,independent-synthetic-v1,42,stable,0.5,9,0.64375,3
SIM-stable-00514,COURSE_C,16,10,32,27,0,independently_synthetic,independent-synthetic-v1,42,stable,0.625,6,0.64375,3
SIM-stable-00514,COURSE_D,20,11,40,20,1,independently_synthetic,independent-synthetic-v1,42,stable,0.55,9,0.64375,3
SIM-stable-00515,COURSE_A,20,16,40,33,0,independently_synthetic,independent-synthetic-v1,42,stable,0.8,4,0.8315972222222222,1
SIM-stable-00515,COURSE_B,18,16,36,33,0,independently_synthetic,independent-synthetic-v1,42,stable,0.8888888888888888,2,0.8315972222222222,1
SIM-stable-00515,COURSE_C,16,15,32,31,0,independently_synthetic,independent-synthetic-v1,42,stable,0.9375,1,0.8315972222222222,1
SIM-stable-00515,COURSE_D,20,14,40,27,1,independently_synthetic,independent-synthetic-v1,42,stable,0.7,6,0.8315972222222222,1
SIM-stable-00516,COURSE_A,20,19,40,39,0,independently_synthetic,independent-synthetic-v1,42,stable,0.95,1,0.8958333333333333,0
SIM-stable-00516,COURSE_B,18,15,36,25,1,independently_synthetic,independent-synthetic-v1,42,stable,0.8333333333333334,3,0.8958333333333333,0
SIM-stable-00516,COURSE_C,16,16,32,31,0,independently_synthetic,independent-synthetic-v1,42,stable,1.0,0,0.8958333333333333,0
SIM-stable-00516,COURSE_D,20,16,40,28,1,independently_synthetic,independent-synthetic-v1,42,stable,0.8,4,0.8958333333333333,0
SIM-stable-00517,COURSE_A,20,16,40,36,0,independently_synthetic,independent-synthetic-v1,42,stable,0.8,4,0.7430555555555556,2
SIM-stable-00517,COURSE_B,18,13,36,26,1,independently_synthetic,independent-synthetic-v1,42,stable,0.7222222222222222,5,0.7430555555555556,2
SIM-stable-00517,COURSE_C,16,12,32,24,0,independently_synthetic,independent-synthetic-v1,42,stable,0.75,4,0.7430555555555556,2
SIM-stable-00517,COURSE_D,20,14,40,29,1,independently_synthetic,independent-synthetic-v1,42,stable,0.7,6,0.7430555555555556,2
SIM-stable-00518,COURSE_A,20,15,40,35,0,independently_synthetic,independent-synthetic-v1,42,stable,0.75,5,0.7350694444444444,1
SIM-stable-00518,COURSE_B,18,14,36,25,1,independently_synthetic,independent-synthetic-v1,42,stable,0.7777777777777778,4,0.7350694444444444,1
SIM-stable-00518,COURSE_C,16,13,32,27,0,independently_synthetic,independent-synthetic-v1,42,stable,0.8125,3,0.7350694444444444,1
SIM-stable-00518,COURSE_D,20,12,40,26,1,independently_synthetic,independent-synthetic-v1,42,stable,0.6,8,0.7350694444444444,1
SIM-stable-00519,COURSE_A,20,17,40,38,0,independently_synthetic,independent-synthetic-v1,42,stable,0.85,3,0.8569444444444445,0
SIM-stable-00519,COURSE_B,18,14,36,30,0,independently_synthetic,independent-synthetic-v1,42,stable,0.7777777777777778,4,0.8569444444444445,0
SIM-stable-00519,COURSE_C,16,16,32,29,0,independently_synthetic,independent-synthetic-v1,42,stable,1.0,0,0.8569444444444445,0
SIM-stable-00519,COURSE_D,20,16,40,22,1,independently_synthetic,independent-synthetic-v1,42,stable,0.8,4,0.8569444444444445,0
SIM-stable-00520,COURSE_A,20,15,40,34,0,independently_synthetic,independent-synthetic-v1,42,stable,0.75,5,0.7743055555555556,1
SIM-stable-00520,COURSE_B,18,13,36,32,0,independently_synthetic,independent-synthetic-v1,42,stable,0.7222222222222222,5,0.7743055555555556,1
SIM-stable-00520,COURSE_C,16,14,32,27,0,independently_synthetic,independent-synthetic-v1,42,stable,0.875,2,0.7743055555555556,1
SIM-stable-00520,COURSE_D,20,15,40,32,0,independently_synthetic,independent-synthetic-v1,42,stable,0.75,5,0.7743055555555556,1
SIM-stable-00521,COURSE_A,20,17,40,33,0,independently_synthetic,independent-synthetic-v1,42,stable,0.85,3,0.6253472222222223,3
SIM-stable-00521,COURSE_B,18,7,36,20,1,independently_synthetic,independent-synthetic-v1,42,stable,0.3888888888888889,11,0.6253472222222223,3
SIM-stable-00521,COURSE_C,16,9,32,25,1,independently_synthetic,independent-synthetic-v1,42,stable,0.5625,7,0.6253472222222223,3
SIM-stable-00521,COURSE_D,20,14,40,33,0,independently_synthetic,independent-synthetic-v1,42,stable,0.7,6,0.6253472222222223,3
SIM-stable-00522,COURSE_A,20,20,40,37,0,independently_synthetic,independent-synthetic-v1,42,stable,1.0,0,0.9736111111111111,0
SIM-stable-00522,COURSE_B,18,17,36,33,0,independently_synthetic,independent-synthetic-v1,42,stable,0.9444444444444444,1,0.9736111111111111,0
SIM-stable-00522,COURSE_C,16,16,32,32,0,independently_synthetic,independent-synthetic-v1,42,stable,1.0,0,0.9736111111111111,0
SIM-stable-00522,COURSE_D,20,19,40,38,0,independently_synthetic,independent-synthetic-v1,42,stable,0.95,1,0.9736111111111111,0
SIM-stable-00523,COURSE_A,20,17,40,39,0,independently_synthetic,independent-synthetic-v1,42,stable,0.85,3,0.8972222222222221,0
SIM-stable-00523,COURSE_B,18,16,36,33,0,independently_synthetic,independent-synthetic-v1,42,stable,0.8888888888888888,2,0.8972222222222221,0
SIM-stable-00523,COURSE_C,16,16,32,31,0,independently_synthetic,independent-synthetic-v1,42,stable,1.0,0,0.8972222222222221,0
SIM-stable-00523,COURSE_D,20,17,40,35,0,independently_synthetic,independent-synthetic-v1,42,stable,0.85,3,0.8972222222222221,0
SIM-stable-00524,COURSE_A,20,17,40,31,0,independently_synthetic,independent-synthetic-v1,42,stable,0.85,3,0.7385416666666667,2
SIM-stable-00524,COURSE_B,18,12,36,20,1,independently_synthetic,independent-synthetic-v1,42,stable,0.6666666666666666,6,0.7385416666666667,2
SIM-stable-00524,COURSE_C,16,15,32,25,0,independently_synthetic,independent-synthetic-v1,42,stable,0.9375,1,0.7385416666666667,2
SIM-stable-00524,COURSE_D,20,10,40,19,1,independently_synthetic,independent-synthetic-v1,42,stable,0.5,10,0.7385416666666667,2
SIM-stable-00525,COURSE_A,20,15,40,27,1,independently_synthetic,independent-synthetic-v1,42,stable,0.75,5,0.7059027777777778,2
SIM-stable-00525,COURSE_B,18,11,36,24,1,independently_synthetic,independent-synthetic-v1,42,stable,0.6111111111111112,7,0.7059027777777778,2
SIM-stable-00525,COURSE_C,16,13,32,26,0,independently_synthetic,independent-synthetic-v1,42,stable,0.8125,3,0.7059027777777778,2
SIM-stable-00525,COURSE_D,20,13,40,12,1,independently_synthetic,independent-synthetic-v1,42,stable,0.65,7,0.7059027777777778,2
SIM-stable-00526,COURSE_A,20,18,40,34,0,independently_synthetic,independent-synthetic-v1,42,stable,0.9,2,0.8940972222222222,0
SIM-stable-00526,COURSE_B,18,16,36,31,0,independently_synthetic,independent-synthetic-v1,42,stable,0.8888888888888888,2,0.8940972222222222,0
SIM-stable-00526,COURSE_C,16,15,32,31,0,independently_synthetic,independent-synthetic-v1,42,stable,0.9375,1,0.8940972222222222,0
SIM-stable-00526,COURSE_D,20,17,40,30,0,independently_synthetic,independent-synthetic-v1,42,stable,0.85,3,0.8940972222222222,0
SIM-stable-00527,COURSE_A,20,17,40,34,0,independently_synthetic,independent-synthetic-v1,42,stable,0.85,3,0.8690972222222222,0
SIM-stable-00527,COURSE_B,18,16,36,29,0,independently_synthetic,independent-synthetic-v1,42,stable,0.8888888888888888,2,0.8690972222222222,0
SIM-stable-00527,COURSE_C,16,15,32,30,0,independently_synthetic,independent-synthetic-v1,42,stable,0.9375,1,0.8690972222222222,0
SIM-stable-00527,COURSE_D,20,16,40,31,0,independently_synthetic,independent-synthetic-v1,42,stable,0.8,4,0.8690972222222222,0
SIM-stable-00528,COURSE_A,20,17,40,27,1,independently_synthetic,independent-synthetic-v1,42,stable,0.85,3,0.6659722222222222,2
SIM-stable-00528,COURSE_B,18,7,36,25,1,independently_synthetic,independent-synthetic-v1,42,stable,0.3888888888888889,11,0.6659722222222222,2
SIM-stable-00528,COURSE_C,16,14,32,27,0,independently_synthetic,independent-synthetic-v1,42,stable,0.875,2,0.6659722222222222,2
SIM-stable-00528,COURSE_D,20,11,40,20,1,independently_synthetic,independent-synthetic-v1,42,stable,0.55,9,0.6659722222222222,2
SIM-stable-00529,COURSE_A,20,18,40,33,0,independently_synthetic,independent-synthetic-v1,42,stable,0.9,2,0.7277777777777779,2
SIM-stable-00529,COURSE_B,18,11,36,21,1,independently_synthetic,independent-synthetic-v1,42,stable,0.6111111111111112,7,0.7277777777777779,2
SIM-stable-00529,COURSE_C,16,12,32,24,0,independently_synthetic,independent-synthetic-v1,42,stable,0.75,4,0.7277777777777779,2
SIM-stable-00529,COURSE_D,20,13,40,24,1,independently_synthetic,independent-synthetic-v1,42,stable,0.65,7,0.7277777777777779,2
SIM-stable-00530,COURSE_A,20,18,40,30,0,independently_synthetic,independent-synthetic-v1,42,stable,0.9,2,0.7013888888888888,2
SIM-stable-00530,COURSE_B,18,10,36,22,1,independently_synthetic,independent-synthetic-v1,42,stable,0.5555555555555556,8,0.7013888888888888,2
SIM-stable-00530,COURSE_C,16,12,32,19,1,independently_synthetic,independent-synthetic-v1,42,stable,0.75,4,0.7013888888888888,2
SIM-stable-00530,COURSE_D,20,12,40,20,1,independently_synthetic,independent-synthetic-v1,42,stable,0.6,8,0.7013888888888888,2
SIM-stable-00531,COURSE_A,20,16,40,31,0,independently_synthetic,independent-synthetic-v1,42,stable,0.8,4,0.7354166666666666,2
SIM-stable-00531,COURSE_B,18,12,36,24,1,independently_synthetic,independent-synthetic-v1,42,stable,0.6666666666666666,6,0.7354166666666666,2
SIM-stable-00531,COURSE_C,16,14,32,28,0,independently_synthetic,independent-synthetic-v1,42,stable,0.875,2,0.7354166666666666,2
SIM-stable-00531,COURSE_D,20,12,40,31,1,independently_synthetic,independent-synthetic-v1,42,stable,0.6,8,0.7354166666666666,2
SIM-stable-00532,COURSE_A,20,17,40,34,0,independently_synthetic,independent-synthetic-v1,42,stable,0.85,3,0.7982638888888889,1
SIM-stable-00532,COURSE_B,18,10,36,28,1,independently_synthetic,independent-synthetic-v1,42,stable,0.5555555555555556,8,0.7982638888888889,1
SIM-stable-00532,COURSE_C,16,15,32,29,0,independently_synthetic,independent-synthetic-v1,42,stable,0.9375,1,0.7982638888888889,1
SIM-stable-00532,COURSE_D,20,17,40,34,0,independently_synthetic,independent-synthetic-v1,42,stable,0.85,3,0.7982638888888889,1
SIM-stable-00533,COURSE_A,20,16,40,27,1,independently_synthetic,independent-synthetic-v1,42,stable,0.8,4,0.670138888888889,2
SIM-stable-00533,COURSE_B,18,10,36,21,1,independently_synthetic,independent-synthetic-v1,42,stable,0.5555555555555556,8,0.670138888888889,2
SIM-stable-00533,COURSE_C,16,14,32,25,0,independently_synthetic,independent-synthetic-v1,42,stable,0.875,2,0.670138888888889,2
SIM-stable-00533,COURSE_D,20,9,40,17,1,independently_synthetic,independent-synthetic-v1,42,stable,0.45,11,0.670138888888889,2
SIM-stable-00534,COURSE_A,20,11,40,28,1,independently_synthetic,independent-synthetic-v1,42,stable,0.55,9,0.6618055555555555,3
SIM-stable-00534,COURSE_B,18,13,36,29,0,independently_synthetic,independent-synthetic-v1,42,stable,0.7222222222222222,5,0.6618055555555555,3
SIM-stable-00534,COURSE_C,16,14,32,19,1,independently_synthetic,independent-synthetic-v1,42,stable,0.875,2,0.6618055555555555,3
SIM-stable-00534,COURSE_D,20,10,40,25,1,independently_synthetic,independent-synthetic-v1,42,stable,0.5,10,0.6618055555555555,3
SIM-stable-00535,COURSE_A,20,20,40,38,0,independently_synthetic,independent-synthetic-v1,42,stable,1.0,0,0.8138888888888889,2
SIM-stable-00535,COURSE_B,18,10,36,22,1,independently_synthetic,independent-synthetic-v1,42,stable,0.5555555555555556,8,0.8138888888888889,2
SIM-stable-00535,COURSE_C,16,16,32,32,0,independently_synthetic,independent-synthetic-v1,42,stable,1.0,0,0.8138888888888889,2
SIM-stable-00535,COURSE_D,20,14,40,31,0,independently_synthetic,independent-synthetic-v1,42,stable,0.7,6,0.8138888888888889,2
SIM-stable-00536,COURSE_A,20,19,40,29,0,independently_synthetic,independent-synthetic-v1,42,stable,0.95,1,0.7645833333333334,1
SIM-stable-00536,COURSE_B,18,15,36,28,0,independently_synthetic,independent-synthetic-v1,42,stable,0.8333333333333334,3,0.7645833333333334,1
SIM-stable-00536,COURSE_C,16,14,32,22,0,independently_synthetic,independent-synthetic-v1,42,stable,0.875,2,0.7645833333333334,1
SIM-stable-00536,COURSE_D,20,8,40,22,1,independently_synthetic,independent-synthetic-v1,42,stable,0.4,12,0.7645833333333334,1
SIM-stable-00537,COURSE_A,20,12,40,25,1,independently_synthetic,independent-synthetic-v1,42,stable,0.6,8,0.6211805555555555,4
SIM-stable-00537,COURSE_B,18,13,36,24,1,independently_synthetic,independent-synthetic-v1,42,stable,0.7222222222222222,5,0.6211805555555555,4
SIM-stable-00537,COURSE_C,16,9,32,27,0,independently_synthetic,independent-synthetic-v1,42,stable,0.5625,7,0.6211805555555555,4
SIM-stable-00537,COURSE_D,20,12,40,27,1,independently_synthetic,independent-synthetic-v1,42,stable,0.6,8,0.6211805555555555,4
SIM-stable-00538,COURSE_A,20,17,40,28,0,independently_synthetic,independent-synthetic-v1,42,stable,0.85,3,0.8458333333333333,1
SIM-stable-00538,COURSE_B,18,15,36,31,0,independently_synthetic,independent-synthetic-v1,42,stable,0.8333333333333334,3,0.8458333333333333,1
SIM-stable-00538,COURSE_C,16,16,32,28,0,independently_synthetic,independent-synthetic-v1,42,stable,1.0,0,0.8458333333333333,1
SIM-stable-00538,COURSE_D,20,14,40,25,1,independently_synthetic,independent-synthetic-v1,42,stable,0.7,6,0.8458333333333333,1
SIM-stable-00539,COURSE_A,20,14,40,32,0,independently_synthetic,independent-synthetic-v1,42,stable,0.7,6,0.50625,4
SIM-stable-00539,COURSE_B,18,9,36,22,1,independently_synthetic,independent-synthetic-v1,42,stable,0.5,9,0.50625,4
SIM-stable-00539,COURSE_C,16,6,32,24,1,independently_synthetic,independent-synthetic-v1,42,stable,0.375,10,0.50625,4
SIM-stable-00539,COURSE_D,20,9,40,18,1,independently_synthetic,independent-synthetic-v1,42,stable,0.45,11,0.50625,4
SIM-stable-00540,COURSE_A,20,16,40,31,0,independently_synthetic,independent-synthetic-v1,42,stable,0.8,4,0.8204861111111111,1
SIM-stable-00540,COURSE_B,18,17,36,34,0,independently_synthetic,independent-synthetic-v1,42,stable,0.9444444444444444,1,0.8204861111111111,1
SIM-stable-00540,COURSE_C,16,15,32,30,0,independently_synthetic,independent-synthetic-v1,42,stable,0.9375,1,0.8204861111111111,1
SIM-stable-00540,COURSE_D,20,12,40,27,1,independently_synthetic,independent-synthetic-v1,42,stable,0.6,8,0.8204861111111111,1
SIM-stable-00541,COURSE_A,20,15,40,30,0,independently_synthetic,independent-synthetic-v1,42,stable,0.75,5,0.7524305555555555,2
SIM-stable-00541,COURSE_B,18,13,36,26,1,independently_synthetic,independent-synthetic-v1,42,stable,0.7222222222222222,5,0.7524305555555555,2
SIM-stable-00541,COURSE_C,16,15,32,26,0,independently_synthetic,independent-synthetic-v1,42,stable,0.9375,1,0.7524305555555555,2
SIM-stable-00541,COURSE_D,20,12,40,24,1,independently_synthetic,independent-synthetic-v1,42,stable,0.6,8,0.7524305555555555,2
SIM-stable-00542,COURSE_A,20,15,40,35,0,independently_synthetic,independent-synthetic-v1,42,stable,0.75,5,0.7663194444444444,1
SIM-stable-00542,COURSE_B,18,14,36,25,1,independently_synthetic,independent-synthetic-v1,42,stable,0.7777777777777778,4,0.7663194444444444,1
SIM-stable-00542,COURSE_C,16,15,32,28,0,independently_synthetic,independent-synthetic-v1,42,stable,0.9375,1,0.7663194444444444,1
SIM-stable-00542,COURSE_D,20,12,40,27,1,independently_synthetic,independent-synthetic-v1,42,stable,0.6,8,0.7663194444444444,1
SIM-stable-00543,COURSE_A,20,16,40,36,0,independently_synthetic,independent-synthetic-v1,42,stable,0.8,4,0.8583333333333334,0
SIM-stable-00543,COURSE_B,18,15,36,29,0,independently_synthetic,independent-synthetic-v1,42,stable,0.8333333333333334,3,0.8583333333333334,0
SIM-stable-00543,COURSE_C,16,16,32,31,0,independently_synthetic,independent-synthetic-v1,42,stable,1.0,0,0.8583333333333334,0
SIM-stable-00543,COURSE_D,20,16,40,28,1,independently_synthetic,independent-synthetic-v1,42,stable,0.8,4,0.8583333333333334,0
SIM-stable-00544,COURSE_A,20,18,40,34,0,independently_synthetic,independent-synthetic-v1,42,stable,0.9,2,0.8454861111111112,1
SIM-stable-00544,COURSE_B,18,17,36,31,0,independently_synthetic,independent-synthetic-v1,42,stable,0.9444444444444444,1,0.8454861111111112,1
SIM-stable-00544,COURSE_C,16,15,32,32,0,independently_synthetic,independent-synthetic-v1,42,stable,0.9375,1,0.8454861111111112,1
SIM-stable-00544,COURSE_D,20,12,40,28,1,independently_synthetic,independent-synthetic-v1,42,stable,0.6,8,0.8454861111111112,1
SIM-stable-00545,COURSE_A,20,18,40,35,0,independently_synthetic,independent-synthetic-v1,42,stable,0.9,2,0.78125,1
SIM-stable-00545,COURSE_B,18,9,36,29,1,independently_synthetic,independent-synthetic-v1,42,stable,0.5,9,0.78125,1
SIM-stable-00545,COURSE_C,16,14,32,27,0,independently_synthetic,independent-synthetic-v1,42,stable,0.875,2,0.78125,1
SIM-stable-00545,COURSE_D,20,17,40,34,0,independently_synthetic,independent-synthetic-v1,42,stable,0.85,3,0.78125,1
SIM-stable-00546,COURSE_A,20,13,40,23,1,independently_synthetic,independent-synthetic-v1,42,stable,0.65,7,0.6541666666666667,3
SIM-stable-00546,COURSE_B,18,12,36,22,1,independently_synthetic,independent-synthetic-v1,42,stable,0.6666666666666666,6,0.6541666666666667,3
SIM-stable-00546,COURSE_C,16,12,32,28,0,independently_synthetic,independent-synthetic-v1,42,stable,0.75,4,0.6541666666666667,3
SIM-stable-00546,COURSE_D,20,11,40,21,1,independently_synthetic,independent-synthetic-v1,42,stable,0.55,9,0.6541666666666667,3
SIM-stable-00547,COURSE_A,20,19,40,32,0,independently_synthetic,independent-synthetic-v1,42,stable,0.95,1,0.7392361111111111,1
SIM-stable-00547,COURSE_B,18,8,36,24,1,independently_synthetic,independent-synthetic-v1,42,stable,0.4444444444444444,10,0.7392361111111111,1
SIM-stable-00547,COURSE_C,16,13,32,25,0,independently_synthetic,independent-synthetic-v1,42,stable,0.8125,3,0.7392361111111111,1
SIM-stable-00547,COURSE_D,20,15,40,24,1,independently_synthetic,independent-synthetic-v1,42,stable,0.75,5,0.7392361111111111,1
SIM-stable-00548,COURSE_A,20,16,40,27,1,independently_synthetic,independent-synthetic-v1,42,stable,0.8,4,0.7506944444444444,1
SIM-stable-00548,COURSE_B,18,14,36,24,1,independently_synthetic,independent-synthetic-v1,42,stable,0.7777777777777778,4,0.7506944444444444,1
SIM-stable-00548,COURSE_C,16,14,32,26,0,independently_synthetic,independent-synthetic-v1,42,stable,0.875,2,0.7506944444444444,1
SIM-stable-00548,COURSE_D,20,11,40,25,1,independently_synthetic,independent-synthetic-v1,42,stable,0.55,9,0.7506944444444444,1
SIM-stable-00549,COURSE_A,20,20,40,26,0,independently_synthetic,independent-synthetic-v1,42,stable,1.0,0,0.8163194444444445,1
SIM-stable-00549,COURSE_B,18,14,36,26,1,independently_synthetic,independent-synthetic-v1,42,stable,0.7777777777777778,4,0.8163194444444445,1
SIM-stable-00549,COURSE_C,16,15,32,26,0,independently_synthetic,independent-synthetic-v1,42,stable,0.9375,1,0.8163194444444445,1
SIM-stable-00549,COURSE_D,20,11,40,24,1,independently_synthetic,independent-synthetic-v1,42,stable,0.55,9,0.8163194444444445,1
SIM-stable-00550,COURSE_A,20,17,40,28,0,independently_synthetic,independent-synthetic-v1,42,stable,0.85,3,0.6902777777777778,2
SIM-stable-00550,COURSE_B,18,11,36,23,1,independently_synthetic,independent-synthetic-v1,42,stable,0.6111111111111112,7,0.6902777777777778,2
SIM-stable-00550,COURSE_C,16,12,32,21,1,independently_synthetic,independent-synthetic-v1,42,stable,0.75,4,0.6902777777777778,2
SIM-stable-00550,COURSE_D,20,11,40,27,1,independently_synthetic,independent-synthetic-v1,42,stable,0.55,9,0.6902777777777778,2
SIM-stable-00551,COURSE_A,20,19,40,30,0,independently_synthetic,independent-synthetic-v1,42,stable,0.95,1,0.8208333333333333,0
SIM-stable-00551,COURSE_B,18,15,36,30,0,independently_synthetic,independent-synthetic-v1,42,stable,0.8333333333333334,3,0.8208333333333333,0
SIM-stable-00551,COURSE_C,16,12,32,23,1,independently_synthetic,independent-synthetic-v1,42,stable,0.75,4,0.8208333333333333,0
SIM-stable-00551,COURSE_D,20,15,40,31,0,independently_synthetic,independent-synthetic-v1,42,stable,0.75,5,0.8208333333333333,0
SIM-stable-00552,COURSE_A,20,17,40,30,0,independently_synthetic,independent-synthetic-v1,42,stable,0.85,3,0.7743055555555556,2
SIM-stable-00552,COURSE_B,18,13,36,18,1,independently_synthetic,independent-synthetic-v1,42,stable,0.7222222222222222,5,0.7743055555555556,2
SIM-stable-00552,COURSE_C,16,14,32,24,0,independently_synthetic,independent-synthetic-v1,42,stable,0.875,2,0.7743055555555556,2
SIM-stable-00552,COURSE_D,20,13,40,27,1,independently_synthetic,independent-synthetic-v1,42,stable,0.65,7,0.7743055555555556,2
SIM-stable-00553,COURSE_A,20,16,40,35,0,independently_synthetic,independent-synthetic-v1,42,stable,0.8,4,0.8246527777777778,1
SIM-stable-00553,COURSE_B,18,11,36,26,1,independently_synthetic,independent-synthetic-v1,42,stable,0.6111111111111112,7,0.8246527777777778,1
SIM-stable-00553,COURSE_C,16,15,32,31,0,independently_synthetic,independent-synthetic-v1,42,stable,0.9375,1,0.8246527777777778,1
SIM-stable-00553,COURSE_D,20,19,40,32,0,independently_synthetic,independent-synthetic-v1,42,stable,0.95,1,0.8246527777777778,1
SIM-stable-00554,COURSE_A,20,15,40,28,1,independently_synthetic,independent-synthetic-v1,42,stable,0.75,5,0.6798611111111111,2
SIM-stable-00554,COURSE_B,18,8,36,17,1,independently_synthetic,independent-synthetic-v1,42,stable,0.4444444444444444,10,0.6798611111111111,2
SIM-stable-00554,COURSE_C,16,14,32,25,0,independently_synthetic,independent-synthetic-v1,42,stable,0.875,2,0.6798611111111111,2
SIM-stable-00554,COURSE_D,20,13,40,24,1,independently_synthetic,independent-synthetic-v1,42,stable,0.65,7,0.6798611111111111,2
SIM-stable-00555,COURSE_A,20,16,40,36,0,independently_synthetic,independent-synthetic-v1,42,stable,0.8,4,0.8565972222222222,0
SIM-stable-00555,COURSE_B,18,16,36,26,0,independently_synthetic,independent-synthetic-v1,42,stable,0.8888888888888888,2,0.8565972222222222,0
SIM-stable-00555,COURSE_C,16,15,32,32,0,independently_synthetic,independent-synthetic-v1,42,stable,0.9375,1,0.8565972222222222,0
SIM-stable-00555,COURSE_D,20,16,40,30,0,independently_synthetic,independent-synthetic-v1,42,stable,0.8,4,0.8565972222222222,0
SIM-stable-00556,COURSE_A,20,17,40,29,0,independently_synthetic,independent-synthetic-v1,42,stable,0.85,3,0.7340277777777777,2
SIM-stable-00556,COURSE_B,18,11,36,28,1,independently_synthetic,independent-synthetic-v1,42,stable,0.6111111111111112,7,0.7340277777777777,2
SIM-stable-00556,COURSE_C,16,14,32,29,0,independently_synthetic,independent-synthetic-v1,42,stable,0.875,2,0.7340277777777777,2
SIM-stable-00556,COURSE_D,20,12,40,29,1,independently_synthetic,independent-synthetic-v1,42,stable,0.6,8,0.7340277777777777,2
SIM-stable-00557,COURSE_A,20,17,40,27,1,independently_synthetic,independent-synthetic-v1,42,stable,0.85,3,0.7711805555555555,2
SIM-stable-00557,COURSE_B,18,13,36,26,1,independently_synthetic,independent-synthetic-v1,42,stable,0.7222222222222222,5,0.7711805555555555,2
SIM-stable-00557,COURSE_C,16,13,32,25,0,independently_synthetic,independent-synthetic-v1,42,stable,0.8125,3,0.7711805555555555,2
SIM-stable-00557,COURSE_D,20,14,40,21,1,independently_synthetic,independent-synthetic-v1,42,stable,0.7,6,0.7711805555555555,2
SIM-stable-00558,COURSE_A,20,16,40,35,0,independently_synthetic,independent-synthetic-v1,42,stable,0.8,4,0.8583333333333334,0
SIM-stable-00558,COURSE_B,18,15,36,25,1,independently_synthetic,independent-synthetic-v1,42,stable,0.8333333333333334,3,0.8583333333333334,0
SIM-stable-00558,COURSE_C,16,16,32,29,0,independently_synthetic,independent-synthetic-v1,42,stable,1.0,0,0.8583333333333334,0
SIM-stable-00558,COURSE_D,20,16,40,30,0,independently_synthetic,independent-synthetic-v1,42,stable,0.8,4,0.8583333333333334,0
SIM-stable-00559,COURSE_A,20,19,40,35,0,independently_synthetic,independent-synthetic-v1,42,stable,0.95,1,0.8680555555555556,1
SIM-stable-00559,COURSE_B,18,13,36,29,0,independently_synthetic,independent-synthetic-v1,42,stable,0.7222222222222222,5,0.8680555555555556,1
SIM-stable-00559,COURSE_C,16,16,32,26,0,independently_synthetic,independent-synthetic-v1,42,stable,1.0,0,0.8680555555555556,1
SIM-stable-00559,COURSE_D,20,16,40,27,1,independently_synthetic,independent-synthetic-v1,42,stable,0.8,4,0.8680555555555556,1
SIM-stable-00560,COURSE_A,20,18,40,37,0,independently_synthetic,independent-synthetic-v1,42,stable,0.9,2,0.9111111111111111,0
SIM-stable-00560,COURSE_B,18,17,36,34,0,independently_synthetic,independent-synthetic-v1,42,stable,0.9444444444444444,1,0.9111111111111111,0
SIM-stable-00560,COURSE_C,16,16,32,26,0,independently_synthetic,independent-synthetic-v1,42,stable,1.0,0,0.9111111111111111,0
SIM-stable-00560,COURSE_D,20,16,40,33,0,independently_synthetic,independent-synthetic-v1,42,stable,0.8,4,0.9111111111111111,0
SIM-stable-00561,COURSE_A,20,18,40,33,0,independently_synthetic,independent-synthetic-v1,42,stable,0.9,2,0.7916666666666666,2
SIM-stable-00561,COURSE_B,18,12,36,24,1,independently_synthetic,independent-synthetic-v1,42,stable,0.6666666666666666,6,0.7916666666666666,2
SIM-stable-00561,COURSE_C,16,16,32,32,0,independently_synthetic,independent-synthetic-v1,42,stable,1.0,0,0.7916666666666666,2
SIM-stable-00561,COURSE_D,20,12,40,23,1,independently_synthetic,independent-synthetic-v1,42,stable,0.6,8,0.7916666666666666,2
SIM-stable-00562,COURSE_A,20,13,40,30,1,independently_synthetic,independent-synthetic-v1,42,stable,0.65,7,0.6166666666666667,4
SIM-stable-00562,COURSE_B,18,12,36,28,1,independently_synthetic,independent-synthetic-v1,42,stable,0.6666666666666666,6,0.6166666666666667,4
SIM-stable-00562,COURSE_C,16,8,32,23,1,independently_synthetic,independent-synthetic-v1,42,stable,0.5,8,0.6166666666666667,4
SIM-stable-00562,COURSE_D,20,13,40,26,1,independently_synthetic,independent-synthetic-v1,42,stable,0.65,7,0.6166666666666667,4
SIM-stable-00563,COURSE_A,20,17,40,26,1,independently_synthetic,independent-synthetic-v1,42,stable,0.85,3,0.7350694444444444,1
SIM-stable-00563,COURSE_B,18,14,36,28,0,independently_synthetic,independent-synthetic-v1,42,stable,0.7777777777777778,4,0.7350694444444444,1
SIM-stable-00563,COURSE_C,16,13,32,29,0,independently_synthetic,independent-synthetic-v1,42,stable,0.8125,3,0.7350694444444444,1
SIM-stable-00563,COURSE_D,20,10,40,20,1,independently_synthetic,independent-synthetic-v1,42,stable,0.5,10,0.7350694444444444,1
SIM-stable-00564,COURSE_A,20,16,40,20,1,independently_synthetic,independent-synthetic-v1,42,stable,0.8,4,0.6979166666666666,2
SIM-stable-00564,COURSE_B,18,12,36,27,1,independently_synthetic,independent-synthetic-v1,42,stable,0.6666666666666666,6,0.6979166666666666,2
SIM-stable-00564,COURSE_C,16,14,32,27,0,independently_synthetic,independent-synthetic-v1,42,stable,0.875,2,0.6979166666666666,2
SIM-stable-00564,COURSE_D,20,9,40,26,1,independently_synthetic,independent-synthetic-v1,42,stable,0.45,11,0.6979166666666666,2
SIM-stable-00565,COURSE_A,20,14,40,29,1,independently_synthetic,independent-synthetic-v1,42,stable,0.7,6,0.7607638888888889,2
SIM-stable-00565,COURSE_B,18,10,36,20,1,independently_synthetic,independent-synthetic-v1,42,stable,0.5555555555555556,8,0.7607638888888889,2
SIM-stable-00565,COURSE_C,16,15,32,24,0,independently_synthetic,independent-synthetic-v1,42,stable,0.9375,1,0.7607638888888889,2
SIM-stable-00565,COURSE_D,20,17,40,31,0,independently_synthetic,independent-synthetic-v1,42,stable,0.85,3,0.7607638888888889,2
SIM-stable-00566,COURSE_A,20,15,40,28,1,independently_synthetic,independent-synthetic-v1,42,stable,0.75,5,0.5815972222222222,3
SIM-stable-00566,COURSE_B,18,7,36,27,1,independently_synthetic,independent-synthetic-v1,42,stable,0.3888888888888889,11,0.5815972222222222,3
SIM-stable-00566,COURSE_C,16,11,32,24,1,independently_synthetic,independent-synthetic-v1,42,stable,0.6875,5,0.5815972222222222,3
SIM-stable-00566,COURSE_D,20,10,40,27,1,independently_synthetic,independent-synthetic-v1,42,stable,0.5,10,0.5815972222222222,3
SIM-stable-00567,COURSE_A,20,18,40,33,0,independently_synthetic,independent-synthetic-v1,42,stable,0.9,2,0.7854166666666667,2
SIM-stable-00567,COURSE_B,18,12,36,26,1,independently_synthetic,independent-synthetic-v1,42,stable,0.6666666666666666,6,0.7854166666666667,2
SIM-stable-00567,COURSE_C,16,14,32,31,0,independently_synthetic,independent-synthetic-v1,42,stable,0.875,2,0.7854166666666667,2
SIM-stable-00567,COURSE_D,20,14,40,28,1,independently_synthetic,independent-synthetic-v1,42,stable,0.7,6,0.7854166666666667,2
SIM-stable-00568,COURSE_A,20,19,40,38,0,independently_synthetic,independent-synthetic-v1,42,stable,0.95,1,0.7527777777777778,2
SIM-stable-00568,COURSE_B,18,11,36,29,1,independently_synthetic,independent-synthetic-v1,42,stable,0.6111111111111112,7,0.7527777777777778,2
SIM-stable-00568,COURSE_C,16,12,32,30,0,independently_synthetic,independent-synthetic-v1,42,stable,0.75,4,0.7527777777777778,2
SIM-stable-00568,COURSE_D,20,14,40,28,1,independently_synthetic,independent-synthetic-v1,42,stable,0.7,6,0.7527777777777778,2
SIM-stable-00569,COURSE_A,20,11,40,35,0,independently_synthetic,independent-synthetic-v1,42,stable,0.55,9,0.7135416666666666,3
SIM-stable-00569,COURSE_B,18,12,36,18,1,independently_synthetic,independent-synthetic-v1,42,stable,0.6666666666666666,6,0.7135416666666666,3
SIM-stable-00569,COURSE_C,16,15,32,25,0,independently_synthetic,independent-synthetic-v1,42,stable,0.9375,1,0.7135416666666666,3
SIM-stable-00569,COURSE_D,20,14,40,29,1,independently_synthetic,independent-synthetic-v1,42,stable,0.7,6,0.7135416666666666,3
SIM-stable-00570,COURSE_A,20,17,40,32,0,independently_synthetic,independent-synthetic-v1,42,stable,0.85,3,0.7836805555555555,1
SIM-stable-00570,COURSE_B,18,13,36,23,1,independently_synthetic,independent-synthetic-v1,42,stable,0.7222222222222222,5,0.7836805555555555,1
SIM-stable-00570,COURSE_C,16,13,32,28,0,independently_synthetic,independent-synthetic-v1,42,stable,0.8125,3,0.7836805555555555,1
SIM-stable-00570,COURSE_D,20,15,40,33,0,independently_synthetic,independent-synthetic-v1,42,stable,0.75,5,0.7836805555555555,1
SIM-stable-00571,COURSE_A,20,13,40,20,1,independently_synthetic,independent-synthetic-v1,42,stable,0.65,7,0.7864583333333334,1
SIM-stable-00571,COURSE_B,18,15,36,21,1,independently_synthetic,independent-synthetic-v1,42,stable,0.8333333333333334,3,0.7864583333333334,1
SIM-stable-00571,COURSE_C,16,13,32,25,0,independently_synthetic,independent-synthetic-v1,42,stable,0.8125,3,0.7864583333333334,1
SIM-stable-00571,COURSE_D,20,17,40,26,1,independently_synthetic,independent-synthetic-v1,42,stable,0.85,3,0.7864583333333334,1
SIM-stable-00572,COURSE_A,20,14,40,28,1,independently_synthetic,independent-synthetic-v1,42,stable,0.7,6,0.7430555555555556,2
SIM-stable-00572,COURSE_B,18,13,36,21,1,independently_synthetic,independent-synthetic-v1,42,stable,0.7222222222222222,5,0.7430555555555556,2
SIM-stable-00572,COURSE_C,16,12,32,25,0,independently_synthetic,independent-synthetic-v1,42,stable,0.75,4,0.7430555555555556,2
SIM-stable-00572,COURSE_D,20,16,40,23,1,independently_synthetic,independent-synthetic-v1,42,stable,0.8,4,0.7430555555555556,2
SIM-stable-00573,COURSE_A,20,16,40,35,0,independently_synthetic,independent-synthetic-v1,42,stable,0.8,4,0.9,0
SIM-stable-00573,COURSE_B,18,18,36,35,0,independently_synthetic,independent-synthetic-v1,42,stable,1.0,0,0.9,0
SIM-stable-00573,COURSE_C,16,16,32,32,0,independently_synthetic,independent-synthetic-v1,42,stable,1.0,0,0.9,0
SIM-stable-00573,COURSE_D,20,16,40,27,1,independently_synthetic,independent-synthetic-v1,42,stable,0.8,4,0.9,0
SIM-stable-00574,COURSE_A,20,17,40,35,0,independently_synthetic,independent-synthetic-v1,42,stable,0.85,3,0.7538194444444444,2
SIM-stable-00574,COURSE_B,18,14,36,32,0,independently_synthetic,independent-synthetic-v1,42,stable,0.7777777777777778,4,0.7538194444444444,2
SIM-stable-00574,COURSE_C,16,11,32,28,0,independently_synthetic,independent-synthetic-v1,42,stable,0.6875,5,0.7538194444444444,2
SIM-stable-00574,COURSE_D,20,14,40,24,1,independently_synthetic,independent-synthetic-v1,42,stable,0.7,6,0.7538194444444444,2
SIM-stable-00575,COURSE_A,20,14,40,23,1,independently_synthetic,independent-synthetic-v1,42,stable,0.7,6,0.7118055555555556,3
SIM-stable-00575,COURSE_B,18,13,36,24,1,independently_synthetic,independent-synthetic-v1,42,stable,0.7222222222222222,5,0.7118055555555556,3
SIM-stable-00575,COURSE_C,16,14,32,29,0,independently_synthetic,independent-synthetic-v1,42,stable,0.875,2,0.7118055555555556,3
SIM-stable-00575,COURSE_D,20,11,40,26,1,independently_synthetic,independent-synthetic-v1,42,stable,0.55,9,0.7118055555555556,3
SIM-stable-00576,COURSE_A,20,17,40,39,0,independently_synthetic,independent-synthetic-v1,42,stable,0.85,3,0.8135416666666666,1
SIM-stable-00576,COURSE_B,18,12,36,24,1,independently_synthetic,independent-synthetic-v1,42,stable,0.6666666666666666,6,0.8135416666666666,1
SIM-stable-00576,COURSE_C,16,15,32,31,0,independently_synthetic,independent-synthetic-v1,42,stable,0.9375,1,0.8135416666666666,1
SIM-stable-00576,COURSE_D,20,16,40,25,1,independently_synthetic,independent-synthetic-v1,42,stable,0.8,4,0.8135416666666666,1
SIM-stable-00577,COURSE_A,20,12,40,24,1,independently_synthetic,independent-synthetic-v1,42,stable,0.6,8,0.6954861111111111,2
SIM-stable-00577,COURSE_B,18,8,36,27,1,independently_synthetic,independent-synthetic-v1,42,stable,0.4444444444444444,10,0.6954861111111111,2
SIM-stable-00577,COURSE_C,16,15,32,17,1,independently_synthetic,independent-synthetic-v1,42,stable,0.9375,1,0.6954861111111111,2
SIM-stable-00577,COURSE_D,20,16,40,31,0,independently_synthetic,independent-synthetic-v1,42,stable,0.8,4,0.6954861111111111,2
SIM-stable-00578,COURSE_A,20,16,40,25,1,independently_synthetic,independent-synthetic-v1,42,stable,0.8,4,0.7059027777777778,2
SIM-stable-00578,COURSE_B,18,11,36,24,1,independently_synthetic,independent-synthetic-v1,42,stable,0.6111111111111112,7,0.7059027777777778,2
SIM-stable-00578,COURSE_C,16,13,32,27,0,independently_synthetic,independent-synthetic-v1,42,stable,0.8125,3,0.7059027777777778,2
SIM-stable-00578,COURSE_D,20,12,40,26,1,independently_synthetic,independent-synthetic-v1,42,stable,0.6,8,0.7059027777777778,2
SIM-stable-00579,COURSE_A,20,10,40,26,1,independently_synthetic,independent-synthetic-v1,42,stable,0.5,10,0.5135416666666667,4
SIM-stable-00579,COURSE_B,18,12,36,22,1,independently_synthetic,independent-synthetic-v1,42,stable,0.6666666666666666,6,0.5135416666666667,4
SIM-stable-00579,COURSE_C,16,7,32,23,1,independently_synthetic,independent-synthetic-v1,42,stable,0.4375,9,0.5135416666666667,4
SIM-stable-00579,COURSE_D,20,9,40,17,1,independently_synthetic,independent-synthetic-v1,42,stable,0.45,11,0.5135416666666667,4
SIM-stable-00580,COURSE_A,20,17,40,29,0,independently_synthetic,independent-synthetic-v1,42,stable,0.85,3,0.7479166666666667,2
SIM-stable-00580,COURSE_B,18,12,36,26,1,independently_synthetic,independent-synthetic-v1,42,stable,0.6666666666666666,6,0.7479166666666667,2
SIM-stable-00580,COURSE_C,16,14,32,25,0,independently_synthetic,independent-synthetic-v1,42,stable,0.875,2,0.7479166666666667,2
SIM-stable-00580,COURSE_D,20,12,40,25,1,independently_synthetic,independent-synthetic-v1,42,stable,0.6,8,0.7479166666666667,2
SIM-stable-00581,COURSE_A,20,15,40,35,0,independently_synthetic,independent-synthetic-v1,42,stable,0.75,5,0.7583333333333333,1
SIM-stable-00581,COURSE_B,18,15,36,32,0,independently_synthetic,independent-synthetic-v1,42,stable,0.8333333333333334,3,0.7583333333333333,1
SIM-stable-00581,COURSE_C,16,12,32,31,0,independently_synthetic,independent-synthetic-v1,42,stable,0.75,4,0.7583333333333333,1
SIM-stable-00581,COURSE_D,20,14,40,26,1,independently_synthetic,independent-synthetic-v1,42,stable,0.7,6,0.7583333333333333,1
SIM-stable-00582,COURSE_A,20,19,40,40,0,independently_synthetic,independent-synthetic-v1,42,stable,0.95,1,0.757986111111111,2
SIM-stable-00582,COURSE_B,18,8,36,22,1,independently_synthetic,independent-synthetic-v1,42,stable,0.4444444444444444,10,0.757986111111111,2
SIM-stable-00582,COURSE_C,16,15,32,22,0,independently_synthetic,independent-synthetic-v1,42,stable,0.9375,1,0.757986111111111,2
SIM-stable-00582,COURSE_D,20,14,40,30,1,independently_synthetic,independent-synthetic-v1,42,stable,0.7,6,0.757986111111111,2
SIM-stable-00583,COURSE_A,20,17,40,34,0,independently_synthetic,independent-synthetic-v1,42,stable,0.85,3,0.7513888888888889,2
SIM-stable-00583,COURSE_B,18,10,36,27,1,independently_synthetic,independent-synthetic-v1,42,stable,0.5555555555555556,8,0.7513888888888889,2
SIM-stable-00583,COURSE_C,16,16,32,29,0,independently_synthetic,independent-synthetic-v1,42,stable,1.0,0,0.7513888888888889,2
SIM-stable-00583,COURSE_D,20,12,40,25,1,independently_synthetic,independent-synthetic-v1,42,stable,0.6,8,0.7513888888888889,2
SIM-stable-00584,COURSE_A,20,16,40,26,1,independently_synthetic,independent-synthetic-v1,42,stable,0.8,4,0.6996527777777778,3
SIM-stable-00584,COURSE_B,18,11,36,31,0,independently_synthetic,independent-synthetic-v1,42,stable,0.6111111111111112,7,0.6996527777777778,3
SIM-stable-00584,COURSE_C,16,11,32,25,0,independently_synthetic,independent-synthetic-v1,42,stable,0.6875,5,0.6996527777777778,3
SIM-stable-00584,COURSE_D,20,14,40,21,1,independently_synthetic,independent-synthetic-v1,42,stable,0.7,6,0.6996527777777778,3
SIM-stable-00585,COURSE_A,20,16,40,32,0,independently_synthetic,independent-synthetic-v1,42,stable,0.8,4,0.6868055555555556,3
SIM-stable-00585,COURSE_B,18,13,36,19,1,independently_synthetic,independent-synthetic-v1,42,stable,0.7222222222222222,5,0.6868055555555556,3
SIM-stable-00585,COURSE_C,16,10,32,19,1,independently_synthetic,independent-synthetic-v1,42,stable,0.625,6,0.6868055555555556,3
SIM-stable-00585,COURSE_D,20,12,40,21,1,independently_synthetic,independent-synthetic-v1,42,stable,0.6,8,0.6868055555555556,3
SIM-stable-00586,COURSE_A,20,16,40,31,0,independently_synthetic,independent-synthetic-v1,42,stable,0.8,4,0.7354166666666666,2
SIM-stable-00586,COURSE_B,18,12,36,28,1,independently_synthetic,independent-synthetic-v1,42,stable,0.6666666666666666,6,0.7354166666666666,2
SIM-stable-00586,COURSE_C,16,14,32,28,0,independently_synthetic,independent-synthetic-v1,42,stable,0.875,2,0.7354166666666666,2
SIM-stable-00586,COURSE_D,20,12,40,26,1,independently_synthetic,independent-synthetic-v1,42,stable,0.6,8,0.7354166666666666,2
SIM-stable-00587,COURSE_A,20,15,40,34,0,independently_synthetic,independent-synthetic-v1,42,stable,0.75,5,0.7072916666666667,2
SIM-stable-00587,COURSE_B,18,12,36,23,1,independently_synthetic,independent-synthetic-v1,42,stable,0.6666666666666666,6,0.7072916666666667,2
SIM-stable-00587,COURSE_C,16,13,32,28,0,independently_synthetic,independent-synthetic-v1,42,stable,0.8125,3,0.7072916666666667,2
SIM-stable-00587,COURSE_D,20,12,40,20,1,independently_synthetic,independent-synthetic-v1,42,stable,0.6,8,0.7072916666666667,2
SIM-stable-00588,COURSE_A,20,18,40,36,0,independently_synthetic,independent-synthetic-v1,42,stable,0.9,2,0.8065972222222222,1
SIM-stable-00588,COURSE_B,18,16,36,26,0,independently_synthetic,independent-synthetic-v1,42,stable,0.8888888888888888,2,0.8065972222222222,1
SIM-stable-00588,COURSE_C,16,15,32,31,0,independently_synthetic,independent-synthetic-v1,42,stable,0.9375,1,0.8065972222222222,1
SIM-stable-00588,COURSE_D,20,10,40,30,1,independently_synthetic,independent-synthetic-v1,42,stable,0.5,10,0.8065972222222222,1
SIM-stable-00589,COURSE_A,20,20,40,40,0,independently_synthetic,independent-synthetic-v1,42,stable,1.0,0,0.8243055555555555,2
SIM-stable-00589,COURSE_B,18,13,36,30,0,independently_synthetic,independent-synthetic-v1,42,stable,0.7222222222222222,5,0.8243055555555555,2
SIM-stable-00589,COURSE_C,16,14,32,29,0,independently_synthetic,independent-synthetic-v1,42,stable,0.875,2,0.8243055555555555,2
SIM-stable-00589,COURSE_D,20,14,40,33,0,independently_synthetic,independent-synthetic-v1,42,stable,0.7,6,0.8243055555555555,2
SIM-stable-00590,COURSE_A,20,19,40,36,0,independently_synthetic,independent-synthetic-v1,42,stable,0.95,1,0.8256944444444444,1
SIM-stable-00590,COURSE_B,18,14,36,26,1,independently_synthetic,independent-synthetic-v1,42,stable,0.7777777777777778,4,0.8256944444444444,1
SIM-stable-00590,COURSE_C,16,14,32,29,0,independently_synthetic,independent-synthetic-v1,42,stable,0.875,2,0.8256944444444444,1
SIM-stable-00590,COURSE_D,20,14,40,30,1,independently_synthetic,independent-synthetic-v1,42,stable,0.7,6,0.8256944444444444,1
SIM-stable-00591,COURSE_A,20,16,40,25,1,independently_synthetic,independent-synthetic-v1,42,stable,0.8,4,0.7777777777777778,2
SIM-stable-00591,COURSE_B,18,11,36,18,1,independently_synthetic,independent-synthetic-v1,42,stable,0.6111111111111112,7,0.7777777777777778,2
SIM-stable-00591,COURSE_C,16,16,32,29,0,independently_synthetic,independent-synthetic-v1,42,stable,1.0,0,0.7777777777777778,2
SIM-stable-00591,COURSE_D,20,14,40,22,1,independently_synthetic,independent-synthetic-v1,42,stable,0.7,6,0.7777777777777778,2
SIM-stable-00592,COURSE_A,20,15,40,38,0,independently_synthetic,independent-synthetic-v1,42,stable,0.75,5,0.7833333333333333,1
SIM-stable-00592,COURSE_B,18,15,36,23,1,independently_synthetic,independent-synthetic-v1,42,stable,0.8333333333333334,3,0.7833333333333333,1
SIM-stable-00592,COURSE_C,16,16,32,31,0,independently_synthetic,independent-synthetic-v1,42,stable,1.0,0,0.7833333333333333,1
SIM-stable-00592,COURSE_D,20,11,40,28,1,independently_synthetic,independent-synthetic-v1,42,stable,0.55,9,0.7833333333333333,1
SIM-stable-00593,COURSE_A,20,11,40,29,1,independently_synthetic,independent-synthetic-v1,42,stable,0.55,9,0.6340277777777779,3
SIM-stable-00593,COURSE_B,18,11,36,27,1,independently_synthetic,independent-synthetic-v1,42,stable,0.6111111111111112,7,0.6340277777777779,3
SIM-stable-00593,COURSE_C,16,14,32,25,0,independently_synthetic,independent-synthetic-v1,42,stable,0.875,2,0.6340277777777779,3
SIM-stable-00593,COURSE_D,20,10,40,19,1,independently_synthetic,independent-synthetic-v1,42,stable,0.5,10,0.6340277777777779,3
SIM-stable-00594,COURSE_A,20,14,40,30,1,independently_synthetic,independent-synthetic-v1,42,stable,0.7,6,0.7618055555555555,2
SIM-stable-00594,COURSE_B,18,13,36,25,1,independently_synthetic,independent-synthetic-v1,42,stable,0.7222222222222222,5,0.7618055555555555,2
SIM-stable-00594,COURSE_C,16,14,32,23,0,independently_synthetic,independent-synthetic-v1,42,stable,0.875,2,0.7618055555555555,2
SIM-stable-00594,COURSE_D,20,15,40,30,0,independently_synthetic,independent-synthetic-v1,42,stable,0.75,5,0.7618055555555555,2
SIM-stable-00595,COURSE_A,20,14,40,30,1,independently_synthetic,independent-synthetic-v1,42,stable,0.7,6,0.7416666666666667,3
SIM-stable-00595,COURSE_B,18,12,36,27,1,independently_synthetic,independent-synthetic-v1,42,stable,0.6666666666666666,6,0.7416666666666667,3
SIM-stable-00595,COURSE_C,16,16,32,29,0,independently_synthetic,independent-synthetic-v1,42,stable,1.0,0,0.7416666666666667,3
SIM-stable-00595,COURSE_D,20,12,40,28,1,independently_synthetic,independent-synthetic-v1,42,stable,0.6,8,0.7416666666666667,3
SIM-stable-00596,COURSE_A,20,15,40,29,1,independently_synthetic,independent-synthetic-v1,42,stable,0.75,5,0.8270833333333334,0
SIM-stable-00596,COURSE_B,18,15,36,28,0,independently_synthetic,independent-synthetic-v1,42,stable,0.8333333333333334,3,0.8270833333333334,0
SIM-stable-00596,COURSE_C,16,14,32,29,0,independently_synthetic,independent-synthetic-v1,42,stable,0.875,2,0.8270833333333334,0
SIM-stable-00596,COURSE_D,20,17,40,30,0,independently_synthetic,independent-synthetic-v1,42,stable,0.85,3,0.8270833333333334,0
SIM-stable-00597,COURSE_A,20,18,40,27,0,independently_synthetic,independent-synthetic-v1,42,stable,0.9,2,0.7739583333333333,1
SIM-stable-00597,COURSE_B,18,15,36,24,1,independently_synthetic,independent-synthetic-v1,42,stable,0.8333333333333334,3,0.7739583333333333,1
SIM-stable-00597,COURSE_C,16,13,32,26,0,independently_synthetic,independent-synthetic-v1,42,stable,0.8125,3,0.7739583333333333,1
SIM-stable-00597,COURSE_D,20,11,40,26,1,independently_synthetic,independent-synthetic-v1,42,stable,0.55,9,0.7739583333333333,1
SIM-stable-00598,COURSE_A,20,18,40,31,0,independently_synthetic,independent-synthetic-v1,42,stable,0.9,2,0.7774305555555556,2
SIM-stable-00598,COURSE_B,18,13,36,24,1,independently_synthetic,independent-synthetic-v1,42,stable,0.7222222222222222,5,0.7774305555555556,2
SIM-stable-00598,COURSE_C,16,15,32,27,0,independently_synthetic,independent-synthetic-v1,42,stable,0.9375,1,0.7774305555555556,2
SIM-stable-00598,COURSE_D,20,11,40,25,1,independently_synthetic,independent-synthetic-v1,42,stable,0.55,9,0.7774305555555556,2
SIM-stable-00599,COURSE_A,20,16,40,37,0,independently_synthetic,independent-synthetic-v1,42,stable,0.8,4,0.8833333333333333,0
SIM-stable-00599,COURSE_B,18,15,36,32,0,independently_synthetic,independent-synthetic-v1,42,stable,0.8333333333333334,3,0.8833333333333333,0
SIM-stable-00599,COURSE_C,16,16,32,32,0,independently_synthetic,independent-synthetic-v1,42,stable,1.0,0,0.8833333333333333,0
SIM-stable-00599,COURSE_D,20,18,40,31,0,independently_synthetic,independent-synthetic-v1,42,stable,0.9,2,0.8833333333333333,0
